Code_commune,Libelle_de_la_commune,Inscrits_22,Abstentions_22,Exprimes_22,Votes_Extreme_Gauche,Votes_Gauche,Votes_Centre,Votes_Droite,Votes_Extreme_Droite,Top_Extreme_Gauche,Top_Gauche,Top_Centre,Top_Droite,Top_Extreme_Droite,Voix_ART_22,Voix_ROU_22,Voix_MAC_22,Voix_LAS_22,Voix_PEN_22,Voix_ZEM_22,Voix_MEL_22,Voix_HID_22,Voix_JAD_22,Voix_PEC_22,Voix_POU_22,Voix_DUP_22
33001.0,Abzac,1535,386,1124,20,261,241,88,514,0,0,0,0,1,10,35,241,64,421,73,177,15,34,24,10,20
33001.0,Abzac,1535,386,1124,20,261,241,88,514,0,0,0,0,1,10,35,241,64,421,73,177,15,34,24,10,20
33002.0,Aillas,599,126,460,10,123,121,68,138,0,0,0,0,1,2,14,121,33,103,27,88,8,13,35,8,8
33003.0,Ambarès-et-Lagrave,10882,2803,7910,128,2490,1837,521,2934,0,0,0,0,1,34,213,1837,304,2288,486,1826,198,253,217,94,160
33004.0,Ambès,2189,571,1582,25,515,316,86,640,0,0,0,0,1,5,64,316,61,533,75,380,39,32,25,20,32
33005.0,Andernos-les-Bains,11549,2259,9106,77,2204,3243,1011,2571,0,0,1,0,0,26,186,3243,447,1620,795,1358,164,496,564,51,156
33006.0,Anglade,621,131,476,8,100,77,46,245,0,0,0,0,1,3,17,77,27,201,33,62,12,9,19,5,11
33007.0,Arbanats,977,160,802,13,189,248,79,273,0,0,0,0,1,5,15,248,41,201,56,121,22,31,38,8,16
33009.0,Arcachon,10961,2596,8238,52,1248,3270,1213,2455,0,0,1,0,0,16,98,3270,264,1278,1032,735,103,312,949,36,145
33010.0,Arcins,383,61,316,5,74,61,14,162,0,0,0,0,1,0,4,61,7,134,17,58,4,8,7,5,11
33012.0,Arsac,3099,575,2466,46,647,776,210,787,0,0,0,0,1,14,45,776,132,596,142,459,37,106,78,32,49
33013.0,Artigues-près-Bordeaux,5805,1045,4679,56,1539,1384,356,1344,0,1,0,0,0,13,116,1384,167,970,291,1089,102,232,189,43,83
33015.0,Arveyres,1638,334,1272,28,330,343,120,451,0,0,0,0,1,8,28,343,51,306,123,214,26,62,69,20,22
33011.0,Arès,5676,1252,4349,58,1018,1378,450,1445,0,0,0,0,1,18,97,1378,247,958,380,666,65,190,203,40,107
33016.0,Asques,342,53,281,6,107,73,25,70,0,1,0,0,0,3,6,73,19,48,15,84,4,13,6,3,7
33016.0,Asques,342,53,281,6,107,73,25,70,0,1,0,0,0,3,6,73,19,48,15,84,4,13,6,3,7
33017.0,Aubiac,277,37,238,3,73,35,42,85,0,0,0,0,1,0,12,35,36,72,11,48,5,8,6,3,2
33017.0,Aubiac,277,37,238,3,73,35,42,85,0,0,0,0,1,0,12,35,36,72,11,48,5,8,6,3,2
33019.0,Audenge,7008,1408,5479,77,1508,1460,460,1974,0,0,0,0,1,22,155,1460,278,1464,380,1034,102,217,182,55,130
33020.0,Auriolles,112,18,91,1,26,15,7,42,0,0,0,0,1,0,4,15,4,38,3,19,3,0,3,1,1
33021.0,Auros,801,149,635,6,150,178,78,223,0,0,0,0,1,3,6,178,48,189,27,100,13,31,30,3,7
33022.0,Avensan,2184,463,1689,24,492,389,123,661,0,0,0,0,1,4,51,389,75,525,96,345,19,77,48,20,40
33023.0,Ayguemorte-les-Graves,1017,159,842,10,269,232,67,264,0,1,0,0,0,3,30,232,48,184,65,174,16,49,19,7,15
33024.0,Bagas,211,54,153,4,27,43,16,63,0,0,0,0,1,2,3,43,11,50,12,20,1,3,5,2,1
33025.0,Baigneaux,329,45,279,5,63,48,34,129,0,0,0,0,1,0,3,48,21,107,16,50,5,5,13,5,6
33025.0,Baigneaux,329,45,279,5,63,48,34,129,0,0,0,0,1,0,3,48,21,107,16,50,5,5,13,5,6
33026.0,Balizac,395,51,335,3,89,63,35,145,0,0,0,0,1,0,4,63,25,118,18,73,7,5,10,3,9
33027.0,Barie,201,22,176,4,87,33,10,42,0,1,0,0,0,1,9,33,8,28,12,56,7,15,2,3,2
33028.0,Baron,926,167,742,18,232,176,71,245,0,0,0,0,1,3,19,176,45,188,40,172,10,31,26,15,17
33028.0,Baron,926,167,742,18,232,176,71,245,0,0,0,0,1,3,19,176,45,188,40,172,10,31,26,15,17
33028.0,Baron,926,167,742,18,232,176,71,245,0,0,0,0,1,3,19,176,45,188,40,172,10,31,26,15,17
33028.0,Baron,926,167,742,18,232,176,71,245,0,0,0,0,1,3,19,176,45,188,40,172,10,31,26,15,17
33030.0,Barsac,1523,298,1196,19,349,312,130,386,0,0,0,0,1,8,38,312,86,292,75,252,20,39,44,11,19
33030.0,Barsac,1523,298,1196,19,349,312,130,386,0,0,0,0,1,8,38,312,86,292,75,252,20,39,44,11,19
33031.0,Bassanne,105,17,85,1,33,18,6,27,0,1,0,0,0,1,4,18,4,22,3,20,4,5,2,0,2
33032.0,Bassens,5175,1196,3876,53,1501,835,221,1266,0,1,0,0,0,16,160,835,144,972,216,1093,105,143,77,37,78
33032.0,Bassens,5175,1196,3876,53,1501,835,221,1266,0,1,0,0,0,16,160,835,144,972,216,1093,105,143,77,37,78
33033.0,Baurech,683,138,531,4,179,161,35,152,0,1,0,0,0,1,14,161,17,118,23,129,11,25,18,3,11
33034.0,Bayas,384,96,281,7,51,71,20,132,0,0,0,0,1,2,5,71,7,103,21,39,3,4,13,5,8
33035.0,Bayon-sur-Gironde,549,85,455,8,106,111,37,193,0,0,0,0,1,2,6,111,22,153,27,81,4,15,15,6,13
33036.0,Bazas,3614,752,2798,42,786,806,294,870,0,0,0,0,1,9,66,806,185,634,186,551,70,99,109,33,50
33037.0,Beautiran,1910,363,1508,19,468,416,127,478,0,0,0,0,1,9,44,416,81,361,90,308,36,80,46,10,27
33042.0,Belin-Béliet,4331,868,3387,64,832,770,326,1395,0,0,0,0,1,20,83,770,200,1061,231,567,39,143,126,44,103
33043.0,Bellebat,208,36,170,2,38,30,15,85,0,0,0,0,1,2,5,30,8,72,12,32,0,1,7,0,1
33044.0,Bellefond,203,48,148,0,38,29,22,59,0,0,0,0,1,0,2,29,12,36,21,25,3,8,10,0,2
33044.0,Bellefond,203,48,148,0,38,29,22,59,0,0,0,0,1,0,2,29,12,36,21,25,3,8,10,0,2
33045.0,Belvès-de-Castillon,262,45,213,3,41,44,31,94,0,0,0,0,1,2,4,44,20,71,15,28,4,5,11,1,8
33046.0,Bernos-Beaulac,924,170,738,14,197,167,78,282,0,0,0,0,1,7,24,167,54,241,26,144,15,14,24,7,15
33047.0,Berson,1484,297,1163,25,299,275,98,466,0,0,0,0,1,11,44,275,49,383,56,199,26,30,49,14,27
33048.0,Berthez,211,36,169,2,43,48,20,56,0,0,0,0,1,2,3,48,16,51,4,32,3,5,4,0,1
33049.0,Beychac-et-Caillau,1854,340,1480,19,393,406,131,531,0,0,0,0,1,3,43,406,79,401,90,262,34,54,52,16,40
33050.0,Bieujac,461,89,361,9,115,82,46,109,0,1,0,0,0,0,8,82,34,83,19,86,9,12,12,9,7
33051.0,Biganos,8650,2008,6488,95,1677,1572,566,2578,0,0,0,0,1,28,209,1572,356,2017,411,1105,128,235,210,67,150
33053.0,Birac,187,23,162,2,36,36,27,61,0,0,0,0,1,0,3,36,22,48,8,31,0,2,5,2,5
33053.0,Birac,187,23,162,2,36,36,27,61,0,0,0,0,1,0,3,36,22,48,8,31,0,2,5,2,5
33054.0,Blaignac,224,28,191,3,39,48,31,70,0,0,0,0,1,2,9,48,23,61,5,21,7,2,8,1,4
33055.0,Blaignan-Prignac,349,66,278,6,48,63,20,141,0,0,0,0,1,2,5,63,14,100,34,30,1,12,6,4,7
33056.0,Blanquefort,11768,2283,9308,187,2987,2905,671,2558,0,1,0,0,0,44,258,2905,340,1875,520,1998,223,508,331,143,163
33056.0,Blanquefort,11768,2283,9308,187,2987,2905,671,2558,0,1,0,0,0,44,258,2905,340,1875,520,1998,223,508,331,143,163
33057.0,Blasimon,698,131,550,5,128,108,56,253,0,0,0,0,1,2,18,108,34,200,38,89,7,14,22,3,15
33058.0,Blaye,3415,1053,2301,48,632,554,172,895,0,0,0,0,1,17,81,554,99,685,154,435,36,80,73,31,56
33059.0,Blésignac,249,38,210,1,54,57,12,86,0,0,0,0,1,0,2,57,8,66,15,40,7,5,4,1,5
33060.0,Bommes,367,80,285,4,60,72,40,109,0,0,0,0,1,0,11,72,31,74,29,36,2,11,9,4,6
33061.0,Bonnetan,787,123,650,8,176,199,61,206,0,0,0,0,1,2,15,199,36,119,65,119,7,35,25,6,22
33062.0,Bonzac,660,139,498,10,130,131,36,191,0,0,0,0,1,0,10,131,23,151,32,89,8,23,13,10,8
33063.0,Bordeaux,161852,38026,121864,1449,50185,40832,9216,20182,0,1,0,0,0,315,2037,40832,2753,10385,8460,35412,2781,9955,6463,1134,1337
33064.0,Bossugan,47,7,40,2,7,12,3,16,0,0,0,0,1,0,0,12,3,9,5,7,0,0,0,2,2
33065.0,Bouliac,2787,436,2302,11,569,881,212,629,0,0,1,0,0,3,44,881,67,394,204,357,52,116,145,8,31
33066.0,Bourdelles,81,15,65,0,20,14,10,21,0,0,0,0,1,0,1,14,6,17,3,14,2,3,4,0,1
33067.0,Bourg,1611,421,1159,22,360,226,112,439,0,0,0,0,1,8,31,226,65,333,78,260,23,46,47,14,28
33067.0,Bourg,1611,421,1159,22,360,226,112,439,0,0,0,0,1,8,31,226,65,333,78,260,23,46,47,14,28
33068.0,Bourideys,78,10,68,1,11,16,17,23,0,0,0,0,1,0,0,16,5,17,5,8,0,3,12,1,1
33070.0,Brach,562,91,458,8,122,117,26,185,0,0,0,0,1,2,19,117,16,143,31,76,13,14,10,6,11
33071.0,Branne,873,182,675,13,163,179,50,270,0,0,0,0,1,5,12,179,26,209,46,118,6,27,24,8,15
33071.0,Branne,873,182,675,13,163,179,50,270,0,0,0,0,1,5,12,179,26,209,46,118,6,27,24,8,15
33072.0,Brannens,168,28,137,0,40,23,27,47,0,0,0,0,1,0,7,23,21,43,2,19,7,7,6,0,2
33073.0,Braud-et-Saint-Louis,1242,330,892,10,159,147,75,501,0,0,0,0,1,3,24,147,46,411,71,102,14,19,29,7,19
33074.0,Brouqueyran,183,22,158,1,35,32,30,60,0,0,0,0,1,0,3,32,20,46,13,24,8,0,10,1,1
33075.0,Bruges,13334,2658,10481,143,3257,3658,802,2621,0,0,1,0,0,34,217,3658,347,1753,685,2092,265,683,455,109,183
33076.0,Budos,605,98,494,6,150,113,45,180,0,0,0,0,1,2,12,113,30,142,26,111,7,20,15,4,12
33039.0,Bègles,20076,4985,14834,260,7335,3594,844,2801,0,1,0,0,0,72,621,3594,488,2019,626,5156,398,1160,356,188,156
33038.0,Bégadan,683,146,531,9,47,115,64,296,0,0,0,0,1,1,5,115,29,235,53,29,7,6,35,8,8
33040.0,Béguey,792,152,623,12,214,129,66,202,0,1,0,0,0,5,14,129,30,139,50,165,11,24,36,7,13
33077.0,Cabanac-et-Villagrains,1762,287,1433,20,462,339,131,481,0,0,0,0,1,7,31,339,89,379,72,332,27,72,42,13,30
33078.0,Cabara,370,45,310,2,86,65,23,134,0,0,0,0,1,0,5,65,9,101,21,66,6,9,14,2,12
33079.0,Cadarsac,263,36,223,1,66,55,16,85,0,0,0,0,1,1,3,55,10,56,21,46,3,14,6,0,8
33080.0,Cadaujac,4850,1031,3727,63,1101,984,298,1281,0,0,0,0,1,19,106,984,165,962,230,775,72,148,133,44,89
,Cadillac,1592,388,1171,21,425,230,107,388,0,1,0,0,0,11,51,230,75,312,60,298,35,41,32,10,16
33082.0,Cadillac-en-Fronsadais,930,167,746,16,204,200,64,262,0,0,0,0,1,4,12,200,43,204,40,149,16,27,21,12,18
33083.0,Camarsac,837,154,670,7,194,198,56,215,0,0,0,0,1,1,13,198,24,146,49,138,9,34,32,6,20
33084.0,Cambes,1148,181,943,13,305,273,73,279,0,1,0,0,0,2,30,273,41,200,60,203,18,54,32,11,19
33084.0,Cambes,1148,181,943,13,305,273,73,279,0,1,0,0,0,2,30,273,41,200,60,203,18,54,32,11,19
33084.0,Cambes,1148,181,943,13,305,273,73,279,0,1,0,0,0,2,30,273,41,200,60,203,18,54,32,11,19
33085.0,Camblanes-et-Meynac,2348,382,1926,17,594,669,160,486,0,0,1,0,0,4,56,669,80,316,130,362,50,126,80,13,40
33086.0,Camiac-et-Saint-Denis,299,70,223,1,62,61,16,83,0,0,0,0,1,0,4,61,12,62,17,44,4,10,4,1,4
33087.0,Camiran,317,69,241,3,77,42,43,76,0,1,0,0,0,2,11,42,26,59,12,49,11,6,17,1,5
33088.0,Camps-sur-l'Isle,501,137,352,10,87,82,25,148,0,0,0,0,1,0,12,82,16,123,22,58,3,14,9,10,3
33089.0,Campugnan,359,57,300,8,43,47,29,173,0,0,0,0,1,3,3,47,20,137,25,31,0,9,9,5,11
33090.0,Canéjan,4471,721,3663,61,1369,1095,283,855,0,1,0,0,0,22,112,1095,147,636,160,880,110,267,136,39,59
33093.0,Capian,567,80,481,4,156,113,46,162,0,0,0,0,1,0,12,113,36,122,29,119,9,16,10,4,11
33094.0,Caplong,159,22,134,3,21,24,21,65,0,0,0,0,1,3,2,24,15,48,16,18,1,0,6,0,1
33095.0,Captieux,1013,189,797,5,226,173,127,266,0,0,0,0,1,3,29,173,98,208,43,127,59,11,29,2,15
33096.0,Carbon-Blanc,5645,1279,4276,48,1552,1117,309,1250,0,1,0,0,0,17,132,1117,185,924,258,1109,100,211,124,31,68
33097.0,Carcans,2376,436,1895,38,521,509,210,617,0,0,0,0,1,16,59,509,120,454,122,367,29,66,90,22,41
33098.0,Cardan,385,64,310,6,77,67,25,135,0,0,0,0,1,0,11,67,15,99,20,54,6,6,10,6,16
33099.0,Carignan-de-Bordeaux,3245,605,2594,28,766,821,253,726,0,0,1,0,0,7,55,821,112,479,179,504,55,152,141,21,68
33100.0,Cars,966,191,755,13,157,192,60,333,0,0,0,0,1,7,19,192,31,271,43,102,22,14,29,6,19
33101.0,Cartelègue,882,179,689,13,170,128,72,306,0,0,0,0,1,5,11,128,48,266,31,128,15,16,24,8,9
33102.0,Casseuil,311,64,238,1,62,69,27,79,0,0,0,0,1,1,9,69,18,63,12,45,4,4,9,0,4
33103.0,Castelmoron-d'Albret,48,7,38,2,14,13,3,6,0,1,0,0,0,0,1,13,3,3,2,10,0,3,0,2,1
33104.0,Castelnau-de-Médoc,3592,857,2681,40,772,685,214,970,0,0,0,0,1,14,72,685,123,776,144,560,39,101,91,26,50
33105.0,Castelviel,151,16,131,1,35,19,15,61,0,0,0,0,1,0,1,19,10,50,6,28,1,5,5,1,5
,Castets-et-Castillon,1121,194,911,12,242,207,110,340,0,0,0,0,1,4,22,207,76,263,64,172,20,28,34,8,13
33108.0,Castillon-la-Bataille,1865,602,1235,14,356,281,73,511,0,0,0,0,1,4,40,281,40,411,81,260,19,37,33,10,19
33109.0,Castres-Gironde,1712,300,1380,23,439,368,104,446,0,0,0,0,1,4,43,368,62,342,71,291,29,76,42,19,33
33111.0,Caudrot,724,119,590,11,139,155,71,214,0,0,0,0,1,3,25,155,48,177,28,81,8,25,23,8,9
33112.0,Caumont,113,15,96,4,20,39,6,27,0,0,1,0,0,2,2,39,3,19,6,14,0,4,3,2,2
33112.0,Caumont,113,15,96,4,20,39,6,27,0,0,1,0,0,2,2,39,3,19,6,14,0,4,3,2,2
33112.0,Caumont,113,15,96,4,20,39,6,27,0,0,1,0,0,2,2,39,3,19,6,14,0,4,3,2,2
33112.0,Caumont,113,15,96,4,20,39,6,27,0,0,1,0,0,2,2,39,3,19,6,14,0,4,3,2,2
33112.0,Caumont,113,15,96,4,20,39,6,27,0,0,1,0,0,2,2,39,3,19,6,14,0,4,3,2,2
33112.0,Caumont,113,15,96,4,20,39,6,27,0,0,1,0,0,2,2,39,3,19,6,14,0,4,3,2,2
33112.0,Caumont,113,15,96,4,20,39,6,27,0,0,1,0,0,2,2,39,3,19,6,14,0,4,3,2,2
33113.0,Cauvignac,131,14,114,1,26,25,13,49,0,0,0,0,1,0,2,25,12,41,5,23,0,1,1,1,3
33114.0,Cavignac,1264,227,1007,13,250,217,83,444,0,0,0,0,1,8,23,217,45,373,61,174,17,36,38,5,10
33115.0,Cazalis,247,38,206,1,58,34,17,96,0,0,0,0,1,0,7,34,8,62,21,44,4,3,9,1,13
33115.0,Cazalis,247,38,206,1,58,34,17,96,0,0,0,0,1,0,7,34,8,62,21,44,4,3,9,1,13
33116.0,Cazats,308,43,261,4,60,68,27,102,0,0,0,0,1,1,3,68,21,92,7,48,3,6,6,3,3
33117.0,Cazaugitat,166,28,134,1,34,45,12,42,0,0,1,0,0,1,2,45,8,37,4,19,8,5,4,0,1
33119.0,Cenon,14800,4708,9883,135,4917,2179,517,2135,0,1,0,0,0,30,272,2179,270,1553,453,3848,310,487,247,105,129
33121.0,Cessac,188,45,138,3,34,28,13,60,0,0,0,0,1,2,4,28,10,54,4,26,2,2,3,1,2
33122.0,Cestas,14281,2420,11617,160,3544,3965,979,2969,0,0,1,0,0,63,340,3965,439,2074,693,2159,296,749,540,97,202
33124.0,Chamadelle,555,97,450,5,104,86,25,230,0,0,0,0,1,4,16,86,14,195,18,73,6,9,11,1,17
33125.0,Cissac-Médoc,1447,248,1178,17,285,226,111,539,0,0,0,0,1,6,27,226,71,457,64,222,19,17,40,11,18
33126.0,Civrac-de-Blaye,649,116,522,4,119,107,45,247,0,0,0,0,1,0,18,107,23,206,31,76,9,16,22,4,10
33128.0,Civrac-en-Médoc,515,100,406,8,72,102,36,188,0,0,0,0,1,3,13,102,25,143,36,52,2,5,11,5,9
33127.0,Civrac-sur-Dordogne,162,14,140,2,35,28,11,64,0,0,0,0,1,1,0,28,8,51,12,31,3,1,3,1,1
33129.0,Cleyrac,128,34,90,0,21,22,12,35,0,0,0,0,1,0,4,22,7,26,9,12,1,4,5,0,0
33130.0,Coimères,841,156,665,10,168,199,82,206,0,0,0,0,1,2,12,199,57,166,29,112,25,19,25,8,11
33131.0,Coirac,158,25,132,3,39,39,16,35,0,1,0,0,0,1,6,39,9,30,5,28,3,2,7,2,0
33132.0,Comps,398,60,333,13,69,75,28,148,0,0,0,0,1,2,17,75,15,124,19,39,6,7,13,11,5
33132.0,Comps,398,60,333,13,69,75,28,148,0,0,0,0,1,2,17,75,15,124,19,39,6,7,13,11,5
33132.0,Comps,398,60,333,13,69,75,28,148,0,0,0,0,1,2,17,75,15,124,19,39,6,7,13,11,5
33133.0,Coubeyrac,62,10,52,1,7,17,12,15,0,0,1,0,0,0,0,17,6,12,3,5,0,2,6,1,0
33134.0,Couquèques,202,37,162,1,26,38,17,80,0,0,0,0,1,0,2,38,12,63,12,23,0,1,5,1,5
33135.0,Courpiac,81,11,69,0,26,14,11,18,0,1,0,0,0,0,1,14,10,17,0,19,4,2,1,0,1
33136.0,Cours-de-Monségur,217,56,159,1,36,23,25,74,0,0,0,0,1,0,4,23,17,63,5,25,3,4,8,1,6
33137.0,Cours-les-Bains,163,22,134,1,39,34,17,43,0,0,0,0,1,0,4,34,13,37,6,26,2,7,4,1,0
33138.0,Coutras,6532,1675,4756,72,1210,1066,333,2075,0,0,0,0,1,28,109,1066,177,1708,261,870,100,131,156,44,106
33139.0,Coutures,62,11,51,1,13,9,9,19,0,0,0,0,1,1,2,9,7,14,4,8,0,3,2,0,1
33139.0,Coutures,62,11,51,1,13,9,9,19,0,0,0,0,1,1,2,9,7,14,4,8,0,3,2,0,1
33139.0,Coutures,62,11,51,1,13,9,9,19,0,0,0,0,1,1,2,9,7,14,4,8,0,3,2,0,1
33141.0,Croignon,568,111,443,11,128,119,44,141,0,0,0,0,1,1,7,119,22,104,27,89,8,24,22,10,10
33140.0,Créon,3567,800,2712,52,914,625,205,916,0,0,0,0,1,16,94,625,124,719,151,641,56,123,81,36,46
33142.0,Cubnezais,1175,194,959,16,248,196,73,426,0,0,0,0,1,7,26,196,38,355,56,182,13,27,35,9,15
33143.0,Cubzac-les-Ponts,1926,457,1434,26,436,313,115,544,0,0,0,0,1,11,52,313,77,439,76,306,25,53,38,15,29
33144.0,Cudos,646,79,556,7,162,118,63,206,0,0,0,0,1,2,14,118,51,157,29,113,16,19,12,5,20
33145.0,Cursan,472,62,398,7,109,98,42,142,0,0,0,0,1,2,11,98,21,107,23,70,7,21,21,5,12
33146.0,Cussac-Fort-Médoc,1492,300,1162,28,219,256,95,564,0,0,0,0,1,6,16,256,55,470,77,166,16,21,40,22,17
33118.0,Cénac,1765,276,1446,14,486,475,134,337,0,1,0,0,0,3,44,475,55,212,102,313,21,108,79,11,23
33120.0,Cérons,1510,229,1256,20,410,281,133,412,0,0,0,0,1,11,70,281,93,345,47,282,29,29,40,9,20
33123.0,Cézac,1691,312,1353,34,338,260,103,618,0,0,0,0,1,9,18,260,70,515,66,249,25,46,33,25,37
33123.0,Cézac,1691,312,1353,34,338,260,103,618,0,0,0,0,1,9,18,260,70,515,66,249,25,46,33,25,37
33147.0,Daignac,357,68,284,3,70,55,38,118,0,0,0,0,1,1,4,55,24,100,9,51,6,9,14,2,9
33148.0,Dardenac,79,10,69,0,16,17,6,30,0,0,0,0,1,0,0,17,6,22,6,15,0,1,0,0,2
33149.0,Daubèze,124,20,104,1,18,25,21,39,0,0,0,0,1,0,0,25,10,27,12,16,1,1,11,1,0
33150.0,Dieulivol,203,46,152,5,45,35,19,48,0,0,0,0,1,2,1,35,9,35,7,31,5,8,10,3,6
33151.0,Donnezac,752,175,565,10,106,114,49,286,0,0,0,0,1,5,13,114,25,243,33,69,14,10,24,5,10
33152.0,Donzac,116,17,96,1,25,28,21,21,0,0,1,0,0,1,0,28,16,17,4,19,3,3,5,0,0
33152.0,Donzac,116,17,96,1,25,28,21,21,0,0,1,0,0,1,0,28,16,17,4,19,3,3,5,0,0
33153.0,Doulezon,204,26,175,4,41,36,21,73,0,0,0,0,1,2,4,36,14,64,7,27,6,4,7,2,2
33155.0,Escaudes,140,16,122,2,39,27,12,42,0,0,0,0,1,1,2,27,11,35,3,30,3,4,1,1,4
33156.0,Escoussans,255,43,201,1,44,48,32,76,0,0,0,0,1,0,2,48,23,52,20,34,2,6,9,1,4
33157.0,Espiet,560,104,451,8,114,92,28,209,0,0,0,0,1,5,7,92,18,173,23,82,5,20,10,3,13
,Etauliers,1078,261,800,9,193,132,62,404,0,0,0,0,1,1,62,132,46,335,47,106,13,12,16,8,22
33160.0,Eynesse,441,71,361,1,85,99,47,129,0,0,0,0,1,0,7,99,34,99,20,57,10,11,13,1,10
33161.0,Eyrans,577,106,459,9,94,96,40,220,0,0,0,0,1,2,15,96,20,185,28,65,7,7,20,7,7
33162.0,Eysines,15882,3720,11960,177,3843,3753,994,3193,0,1,0,0,0,43,269,3753,454,2243,738,2588,305,681,540,134,212
33163.0,Faleyras,363,60,299,7,56,80,28,128,0,0,0,0,1,0,8,80,15,102,17,38,2,8,13,7,9
33164.0,Fargues,1271,238,1014,8,294,285,110,317,0,0,0,0,1,3,45,285,74,255,42,186,25,38,36,5,20
33164.0,Fargues,1271,238,1014,8,294,285,110,317,0,0,0,0,1,3,45,285,74,255,42,186,25,38,36,5,20
33164.0,Fargues,1271,238,1014,8,294,285,110,317,0,0,0,0,1,3,45,285,74,255,42,186,25,38,36,5,20
33165.0,Fargues-Saint-Hilaire,2317,380,1907,27,549,638,152,541,0,0,1,0,0,11,52,638,72,396,113,363,37,97,80,16,32
33168.0,Flaujagues,390,79,301,6,68,66,22,139,0,0,0,0,1,2,5,66,15,113,23,48,8,7,7,4,3
33167.0,Floirac,11749,3467,8131,146,3619,1919,429,2018,0,1,0,0,0,34,257,1919,229,1495,411,2730,225,407,200,112,112
33167.0,Floirac,11749,3467,8131,146,3619,1919,429,2018,0,1,0,0,0,34,257,1919,229,1495,411,2730,225,407,200,112,112
33167.0,Floirac,11749,3467,8131,146,3619,1919,429,2018,0,1,0,0,0,34,257,1919,229,1495,411,2730,225,407,200,112,112
33169.0,Floudès,69,12,53,1,21,11,8,12,0,1,0,0,0,1,3,11,8,10,0,18,0,0,0,0,2
33170.0,Fontet,588,129,452,5,97,100,55,195,0,0,0,0,1,1,9,100,47,159,29,57,14,17,8,4,7
33171.0,Fossès-et-Baleyssac,156,28,128,0,33,14,18,63,0,0,0,0,1,0,3,14,12,45,17,20,1,9,6,0,1
33172.0,Fours,232,47,175,1,40,36,24,74,0,0,0,0,1,1,10,36,7,57,14,22,0,8,17,0,3
33172.0,Fours,232,47,175,1,40,36,24,74,0,0,0,0,1,1,10,36,7,57,14,22,0,8,17,0,3
33173.0,Francs,164,26,136,5,23,36,18,54,0,0,0,0,1,3,0,36,16,41,7,15,5,3,2,2,6
33174.0,Fronsac,882,149,724,9,147,222,82,264,0,0,0,0,1,5,7,222,35,190,56,117,7,16,47,4,18
33174.0,Fronsac,882,149,724,9,147,222,82,264,0,0,0,0,1,5,7,222,35,190,56,117,7,16,47,4,18
33175.0,Frontenac,560,103,446,12,135,72,38,189,0,0,0,0,1,6,16,72,33,164,21,96,4,19,5,6,4
33175.0,Frontenac,560,103,446,12,135,72,38,189,0,0,0,0,1,6,16,72,33,164,21,96,4,19,5,6,4
33176.0,Gabarnac,273,49,218,3,53,40,22,100,0,0,0,0,1,0,11,40,14,67,31,31,0,11,8,3,2
33177.0,Gaillan-en-Médoc,1841,367,1448,20,301,300,128,699,0,0,0,0,1,6,32,300,80,539,133,217,21,31,48,14,27
33178.0,Gajac,330,42,285,1,69,66,50,99,0,0,0,0,1,0,7,66,36,77,16,51,5,6,14,1,6
33179.0,Galgon,2282,437,1814,10,453,498,146,707,0,0,0,0,1,3,51,498,74,564,106,299,37,66,72,7,37
33180.0,Gans,183,31,149,3,42,30,22,52,0,0,0,0,1,1,4,30,17,39,9,29,3,6,5,2,4
33181.0,Gardegan-et-Tourtirac,229,56,170,0,33,43,21,73,0,0,0,0,1,0,0,43,8,54,16,23,6,4,13,0,3
33182.0,Gauriac,589,87,493,11,145,124,30,183,0,0,0,0,1,8,22,124,19,148,30,91,7,25,11,3,5
33183.0,Gauriaguet,958,162,776,17,241,148,38,332,0,0,0,0,1,5,20,148,19,278,39,193,10,18,19,12,15
33186.0,Gensac,580,117,461,9,116,104,45,187,0,0,0,0,1,3,10,104,29,139,36,85,11,10,16,6,12
33186.0,Gensac,580,117,461,9,116,104,45,187,0,0,0,0,1,3,10,104,29,139,36,85,11,10,16,6,12
33186.0,Gensac,580,117,461,9,116,104,45,187,0,0,0,0,1,3,10,104,29,139,36,85,11,10,16,6,12
33187.0,Gironde-sur-Dropt,895,219,667,11,187,145,85,239,0,0,0,0,1,3,13,145,65,185,43,145,12,17,20,8,11
33188.0,Giscos,151,28,115,2,32,16,23,42,0,0,0,0,1,0,2,16,17,36,5,27,1,2,6,2,1
33189.0,Gornac,307,72,231,3,76,53,25,74,0,1,0,0,0,1,9,53,15,63,7,55,8,4,10,2,4
33190.0,Goualade,81,8,71,2,20,16,15,18,0,1,0,0,0,1,1,16,3,15,3,15,2,2,12,1,0
33191.0,Gours,409,97,307,10,66,79,21,131,0,0,0,0,1,2,9,79,15,118,11,41,3,13,6,8,2
33192.0,Gradignan,17488,3644,13622,166,4906,4541,1185,2824,0,1,0,0,0,50,327,4541,503,1800,822,3232,353,994,682,116,202
33193.0,Grayan-et-l'Hôpital,1491,279,1188,20,341,304,87,436,0,0,0,0,1,9,46,304,49,317,98,248,15,32,38,11,21
33195.0,Grignols,824,168,636,10,160,183,83,200,0,0,0,0,1,2,11,183,62,152,33,113,22,14,21,8,15
33195.0,Grignols,824,168,636,10,160,183,83,200,0,0,0,0,1,2,11,183,62,152,33,113,22,14,21,8,15
33194.0,Grézillac,577,110,454,4,121,123,36,170,0,0,0,0,1,0,5,123,25,121,39,92,13,11,11,4,10
33196.0,Guillac,147,36,107,6,35,21,15,30,0,1,0,0,0,2,1,21,7,24,4,22,2,10,8,4,2
33196.0,Guillac,147,36,107,6,35,21,15,30,0,1,0,0,0,2,1,21,7,24,4,22,2,10,8,4,2
33197.0,Guillos,368,90,270,3,66,37,32,132,0,0,0,0,1,1,10,37,22,98,26,44,9,3,10,2,8
33199.0,Gujan-Mestras,18376,3900,14227,166,3230,4541,1329,4961,0,0,0,0,1,39,308,4541,567,3333,1265,2052,224,646,762,127,363
33198.0,Guîtres,1213,298,891,15,257,198,74,347,0,0,0,0,1,8,32,198,37,273,59,180,21,24,37,7,15
33185.0,Génissac,1515,295,1186,8,317,322,104,435,0,0,0,0,1,3,20,322,55,346,67,229,23,45,49,5,22
33184.0,Générac,480,119,351,11,75,75,22,168,0,0,0,0,1,6,9,75,15,141,23,52,11,3,7,5,4
33184.0,Générac,480,119,351,11,75,75,22,168,0,0,0,0,1,6,9,75,15,141,23,52,11,3,7,5,4
33201.0,Haux,614,99,502,3,158,120,52,169,0,0,0,0,1,1,12,120,32,134,23,116,5,25,20,2,12
33201.0,Haux,614,99,502,3,158,120,52,169,0,0,0,0,1,1,12,120,32,134,23,116,5,25,20,2,12
33202.0,Hostens,1063,206,848,8,254,174,88,324,0,0,0,0,1,2,22,174,64,245,55,176,18,38,24,6,24
33203.0,Hourtin,3320,599,2668,41,709,692,241,985,0,0,0,0,1,19,96,692,132,691,264,481,51,81,109,22,30
33204.0,Hure,398,69,320,5,90,74,39,112,0,0,0,0,1,1,12,74,31,96,9,59,11,8,8,4,7
33205.0,Illats,1074,171,888,16,242,224,102,304,0,0,0,0,1,10,31,224,66,225,57,162,22,27,36,6,22
33206.0,Isle-Saint-Georges,365,71,285,1,112,56,21,95,0,1,0,0,0,0,8,56,12,75,16,91,6,7,9,1,4
33207.0,Izon,4870,1137,3678,66,998,955,254,1405,0,0,0,0,1,16,82,955,143,1150,189,709,66,141,111,50,66
33208.0,Jau-Dignac-et-Loirac,761,167,583,8,113,132,52,278,0,0,0,0,1,3,12,132,36,226,43,90,5,6,16,5,9
33209.0,Jugazan,237,53,181,1,34,42,28,76,0,0,0,0,1,0,1,42,13,52,15,23,3,7,15,1,9
33210.0,Juillac,181,30,148,2,32,43,11,60,0,0,0,0,1,1,0,43,7,43,15,28,2,2,4,1,2
33210.0,Juillac,181,30,148,2,32,43,11,60,0,0,0,0,1,1,0,43,7,43,15,28,2,2,4,1,2
33210.0,Juillac,181,30,148,2,32,43,11,60,0,0,0,0,1,1,0,43,7,43,15,28,2,2,4,1,2
33213.0,La Brède,3794,703,3024,44,789,1152,319,720,0,0,1,0,0,6,62,1152,146,456,212,478,62,187,173,38,52
33219.0,La Lande-de-Fronsac,1784,296,1460,28,377,370,117,568,0,0,0,0,1,5,49,370,69,470,73,249,29,50,48,23,25
33356.0,La Rivière,265,33,224,2,65,52,20,85,0,0,0,0,1,0,6,52,12,66,16,48,5,6,8,2,3
33356.0,La Rivière,265,33,224,2,65,52,20,85,0,0,0,0,1,0,6,52,12,66,16,48,5,6,8,2,3
33360.0,La Roquille,250,63,184,2,45,29,25,83,0,0,0,0,1,0,4,29,11,59,16,36,0,5,14,2,8
33352.0,La Réole,2767,888,1849,31,636,355,182,645,0,0,0,0,1,8,47,355,109,493,126,472,59,58,73,23,26
33505.0,La Sauve,1127,237,881,11,250,240,76,304,0,0,0,0,1,5,13,240,50,252,36,190,15,32,26,6,16
33529.0,La Teste-de-Buch,22570,5439,16860,161,3404,5555,1832,5908,0,0,0,0,1,46,306,5555,782,3943,1599,2154,249,695,1050,115,366
33211.0,Labarde,467,99,364,10,96,82,24,152,0,0,0,0,1,2,3,82,18,125,24,71,6,16,6,8,3
33212.0,Labescau,119,27,92,1,32,19,5,35,0,0,0,0,1,1,4,19,3,30,4,26,2,0,2,0,1
33214.0,Lacanau,5585,1061,4441,52,1337,1336,425,1291,0,1,0,0,0,16,106,1336,231,817,370,946,76,209,194,36,104
33215.0,Ladaux,163,40,123,0,32,43,18,30,0,0,1,0,0,0,2,43,10,26,4,21,3,6,8,0,0
33216.0,Lados,123,8,108,5,27,25,19,32,0,0,0,0,1,1,4,25,12,24,8,17,3,3,7,4,0
33218.0,Lagorce,1193,294,880,16,162,158,60,484,0,0,0,0,1,2,23,158,34,414,52,102,15,22,26,14,18
33218.0,Lagorce,1193,294,880,16,162,158,60,484,0,0,0,0,1,2,23,158,34,414,52,102,15,22,26,14,18
33222.0,Lalande-de-Pomerol,497,95,389,3,90,89,44,163,0,0,0,0,1,1,5,89,21,109,46,55,11,19,23,2,8
33220.0,Lamarque,878,175,684,18,157,132,54,323,0,0,0,0,1,5,18,132,34,276,35,123,6,10,20,13,12
33221.0,Lamothe-Landerron,805,165,628,7,100,123,80,318,0,0,0,0,1,2,16,123,56,263,46,69,10,5,24,5,9
33223.0,Landerrouat,105,8,93,0,10,26,19,38,0,0,0,0,1,0,2,26,10,24,14,7,0,1,9,0,0
33224.0,Landerrouet-sur-Ségur,85,13,72,1,21,19,19,12,0,1,0,0,0,0,3,19,13,9,2,12,3,3,6,1,1
33225.0,Landiras,1785,412,1347,26,409,255,157,500,0,0,0,0,1,6,42,255,101,385,81,271,29,67,56,20,34
33226.0,Langoiran,1470,237,1203,13,482,288,116,304,0,1,0,0,0,1,33,288,73,215,69,347,25,77,43,12,20
33227.0,Langon,4805,1074,3652,69,1135,986,325,1137,0,0,0,0,1,31,94,986,182,830,238,784,126,131,143,38,69
33227.0,Langon,4805,1074,3652,69,1135,986,325,1137,0,0,0,0,1,31,94,986,182,830,238,784,126,131,143,38,69
33227.0,Langon,4805,1074,3652,69,1135,986,325,1137,0,0,0,0,1,31,94,986,182,830,238,784,126,131,143,38,69
33228.0,Lansac,590,137,443,8,93,85,35,222,0,0,0,0,1,6,13,85,24,195,23,60,9,11,11,2,4
33228.0,Lansac,590,137,443,8,93,85,35,222,0,0,0,0,1,6,13,85,24,195,23,60,9,11,11,2,4
33228.0,Lansac,590,137,443,8,93,85,35,222,0,0,0,0,1,6,13,85,24,195,23,60,9,11,11,2,4
33229.0,Lanton,6523,1395,5048,71,1307,1509,507,1654,0,0,0,0,1,22,119,1509,241,1086,457,880,80,228,266,49,111
33230.0,Lapouyade,413,106,301,5,78,61,32,125,0,0,0,0,1,1,2,61,17,95,27,65,6,5,15,4,3
33231.0,Laroque,240,40,198,5,47,49,19,78,0,0,0,0,1,1,7,49,14,60,13,30,3,7,5,4,5
33231.0,Laroque,240,40,198,5,47,49,19,78,0,0,0,0,1,1,7,49,14,60,13,30,3,7,5,4,5
33232.0,Lartigue,49,8,40,1,9,4,8,18,0,0,0,0,1,0,0,4,7,8,8,9,0,0,1,1,2
33232.0,Lartigue,49,8,40,1,9,4,8,18,0,0,0,0,1,0,0,4,7,8,8,9,0,0,1,1,2
33233.0,Laruscade,2045,517,1492,22,359,230,104,777,0,0,0,0,1,7,31,230,73,676,70,266,22,40,31,15,31
33234.0,Latresne,2989,558,2395,32,732,832,238,561,0,0,1,0,0,9,39,832,95,348,178,486,42,165,143,23,35
33235.0,Lavazan,188,52,131,2,33,38,11,47,0,0,0,0,1,0,4,38,10,34,12,24,1,4,1,2,1
33029.0,Le Barp,4104,715,3333,52,940,881,297,1163,0,0,0,0,1,14,97,881,172,884,206,605,57,181,125,38,73
33069.0,Le Bouscat,18145,3855,14076,172,3951,5497,1341,3115,0,0,1,0,0,45,260,5497,383,1760,1160,2497,263,931,958,127,195
33166.0,Le Fieu,370,86,273,0,58,49,23,143,0,0,0,0,1,0,3,49,21,121,15,41,9,5,2,0,7
33200.0,Le Haillan,7949,1384,6447,79,2062,2161,482,1663,0,0,1,0,0,15,174,2161,244,1168,376,1302,198,388,238,64,119
33305.0,Le Nizan,395,63,324,7,80,89,39,109,0,0,0,0,1,3,6,89,27,94,11,63,5,6,12,4,4
33322.0,Le Pian-Médoc,5351,984,4268,67,1193,1311,330,1367,0,0,0,0,1,25,105,1311,173,992,297,811,77,200,157,42,78
33323.0,Le Pian-sur-Garonne,786,140,631,9,191,139,63,229,0,0,0,0,1,2,20,139,46,166,52,133,15,23,17,7,11
33333.0,Le Porge,2650,465,2128,27,621,459,204,817,0,0,0,0,1,8,93,459,150,611,152,409,26,93,54,19,54
33335.0,Le Pout,445,82,356,7,96,90,28,135,0,0,0,0,1,4,20,90,16,98,32,64,7,5,12,3,5
33345.0,Le Puy,305,46,255,7,48,49,33,118,0,0,0,0,1,2,3,49,24,86,22,36,3,6,9,5,10
33345.0,Le Puy,305,46,255,7,48,49,33,118,0,0,0,0,1,2,3,49,24,86,22,36,3,6,9,5,10
33519.0,Le Taillan-Médoc,8002,1410,6466,98,1927,2240,469,1732,0,0,1,0,0,27,152,2240,200,1232,393,1230,159,386,269,71,107
33527.0,Le Teich,6840,1355,5383,62,1493,1521,510,1797,0,0,0,0,1,18,124,1521,284,1328,339,956,143,270,226,44,130
33528.0,Le Temple,468,68,390,5,67,97,50,171,0,0,0,0,1,1,8,97,21,132,30,45,3,11,29,4,9
33528.0,Le Temple,468,68,390,5,67,97,50,171,0,0,0,0,1,1,8,97,21,132,30,45,3,11,29,4,9
33534.0,Le Tourne,591,115,468,3,198,118,33,116,0,1,0,0,0,1,15,118,24,81,27,143,8,32,9,2,8
33536.0,Le Tuzan,204,37,165,4,50,25,16,70,0,0,0,0,1,1,10,25,12,55,10,36,1,3,4,3,5
33544.0,Le Verdon-sur-Mer,1433,347,1070,10,247,294,87,432,0,0,0,0,1,4,32,294,55,319,94,174,18,23,32,6,19
33239.0,Lerm-et-Musset,370,61,300,5,48,64,66,117,0,0,0,0,1,1,2,64,47,86,22,32,6,8,19,4,9
33014.0,Les Artigues-de-Lussac,808,146,654,10,161,158,40,285,0,0,0,0,1,1,22,158,20,250,27,90,21,28,20,9,8
33052.0,Les Billaux,833,129,687,4,185,189,53,256,0,0,0,0,1,2,14,189,30,194,53,145,8,18,23,2,9
,Les Eglisottes-et-Chalaures,1462,418,1030,18,220,191,93,508,0,0,0,0,1,8,24,191,54,439,57,173,11,12,39,10,12
33158.0,Les Esseintes,217,37,175,2,46,40,21,66,0,0,0,0,1,0,5,40,13,59,6,30,4,7,8,2,1
33242.0,Les Lèves-et-Thoumeyragues,411,82,319,1,75,48,32,163,0,0,0,0,1,1,3,48,23,117,38,54,6,12,9,0,8
33315.0,Les Peintures,1227,259,946,10,208,166,64,498,0,0,0,0,1,3,24,166,45,438,44,140,20,24,19,7,16
33499.0,Les Salles-de-Castillon,251,50,196,2,33,51,28,82,0,0,0,0,1,1,5,51,18,63,12,24,1,3,10,1,7
33240.0,Lesparre-Médoc,4174,1230,2893,44,675,590,243,1341,0,0,0,0,1,15,66,590,145,1047,241,505,41,63,98,29,53
33241.0,Lestiac-sur-Garonne,364,58,302,11,131,67,23,70,0,1,0,0,0,3,9,67,14,49,18,98,8,16,9,8,3
33243.0,Libourne,16431,4167,12019,178,3964,3293,939,3645,0,1,0,0,0,67,305,3293,413,2544,893,2799,281,579,526,111,208
33244.0,Lignan-de-Bazas,295,38,243,5,88,58,24,68,0,1,0,0,0,3,12,58,13,56,10,57,4,15,11,2,2
33245.0,Lignan-de-Bordeaux,640,72,564,5,172,182,52,153,0,0,1,0,0,2,9,182,33,107,35,103,18,42,19,3,11
33246.0,Ligueux,140,24,114,1,20,26,19,48,0,0,0,0,1,1,1,26,13,40,6,15,2,2,6,0,2
33248.0,Listrac-Médoc,2066,512,1528,17,445,347,118,601,0,0,0,0,1,5,39,347,83,500,76,317,41,48,35,12,25
33247.0,Listrac-de-Durèze,127,33,92,2,17,17,6,50,0,0,0,0,1,0,0,17,3,39,11,7,3,7,3,2,0
33249.0,Lormont,12065,3891,8009,149,3674,1710,378,2098,0,1,0,0,0,51,201,1710,219,1590,375,2948,221,304,159,98,133
33250.0,Loubens,262,50,205,1,48,50,36,70,0,0,0,0,1,0,1,50,28,57,9,42,0,5,8,1,4
33250.0,Loubens,262,50,205,1,48,50,36,70,0,0,0,0,1,0,1,50,28,57,9,42,0,5,8,1,4
33251.0,Louchats,616,144,454,4,149,95,44,162,0,0,0,0,1,2,9,95,32,132,23,105,18,17,12,2,7
33252.0,Loupes,665,87,576,7,149,131,53,236,0,0,0,0,1,2,12,131,27,172,49,97,12,28,26,5,15
33253.0,Loupiac,842,170,658,12,221,141,62,222,0,0,0,0,1,3,12,141,38,166,39,175,8,26,24,9,17
33253.0,Loupiac,842,170,658,12,221,141,62,222,0,0,0,0,1,3,12,141,38,166,39,175,8,26,24,9,17
33253.0,Loupiac,842,170,658,12,221,141,62,222,0,0,0,0,1,3,12,141,38,166,39,175,8,26,24,9,17
33254.0,Loupiac-de-la-Réole,348,50,292,5,68,72,34,113,0,0,0,0,1,1,5,72,23,99,10,56,7,0,11,4,4
33255.0,Lucmau,225,41,183,2,73,27,29,52,0,1,0,0,0,1,6,27,27,42,9,42,17,8,2,1,1
33256.0,Ludon-Médoc,3946,666,3219,57,880,887,231,1164,0,0,0,0,1,14,115,887,130,913,182,584,53,128,101,43,69
33257.0,Lugaignac,331,43,282,3,73,65,36,105,0,0,0,0,1,1,7,65,19,87,15,52,1,13,17,2,3
33258.0,Lugasson,242,54,182,1,46,47,16,72,0,0,0,0,1,0,4,47,8,55,9,37,0,5,8,1,8
,Lugon-et-l'Ile-du-Carnay,934,168,755,14,189,189,60,303,0,0,0,0,1,6,19,189,35,243,43,134,17,19,25,8,17
33260.0,Lugos,838,119,704,13,184,143,74,290,0,0,0,0,1,4,18,143,51,215,51,134,6,26,23,9,24
33261.0,Lussac,842,170,656,8,111,181,53,303,0,0,0,0,1,4,7,181,29,232,54,77,11,16,24,4,17
33261.0,Lussac,842,170,656,8,111,181,53,303,0,0,0,0,1,4,7,181,29,232,54,77,11,16,24,4,17
33261.0,Lussac,842,170,656,8,111,181,53,303,0,0,0,0,1,4,7,181,29,232,54,77,11,16,24,4,17
33236.0,Lège-Cap-Ferret,8931,1835,6984,86,1263,2486,941,2208,0,0,1,0,0,22,97,2486,389,1339,762,831,71,264,552,64,107
33237.0,Léogeats,658,97,543,17,162,100,60,204,0,0,0,0,1,7,15,100,44,157,32,112,11,24,16,10,15
33238.0,Léognan,8717,1673,6884,105,2211,2297,624,1647,0,0,1,0,0,24,181,2297,311,1123,403,1390,185,455,313,81,121
33262.0,Macau,3066,625,2381,43,678,608,156,896,0,0,0,0,1,13,67,608,100,726,126,472,30,109,56,30,44
33263.0,Madirac,188,20,167,1,61,37,9,59,0,1,0,0,0,0,4,37,7,48,7,43,2,12,2,1,4
33264.0,Maransin,816,190,616,15,161,123,35,282,0,0,0,0,1,6,14,123,22,238,26,105,21,21,13,9,18
33266.0,Marcenais,624,120,499,11,126,86,37,239,0,0,0,0,1,3,17,86,25,205,26,86,6,17,12,8,8
33555.0,Marcheprime,4193,805,3305,55,890,862,230,1268,0,0,0,0,1,10,84,862,126,987,202,589,89,128,104,45,79
33268.0,Margaux-Cantenac,2056,447,1565,26,404,383,122,630,0,0,0,0,1,7,32,383,77,531,66,305,27,40,45,19,33
33269.0,Margueron,303,56,241,3,51,54,28,105,0,0,0,0,1,0,3,54,18,87,14,34,7,7,10,3,4
33270.0,Marimbault,159,24,132,2,37,35,14,44,0,0,0,0,1,1,6,35,12,37,5,30,1,0,2,1,2
33271.0,Marions,149,31,116,2,29,25,19,41,0,0,0,0,1,1,3,25,13,35,4,23,2,1,6,1,2
33272.0,Marsas,926,178,732,10,217,131,52,322,0,0,0,0,1,2,13,131,30,261,46,167,11,26,22,8,15
33272.0,Marsas,926,178,732,10,217,131,52,322,0,0,0,0,1,2,13,131,30,261,46,167,11,26,22,8,15
33273.0,Martignas-sur-Jalle,5942,1014,4823,59,1415,1562,443,1344,0,0,1,0,0,18,106,1562,192,928,334,874,127,308,251,41,82
33274.0,Martillac,2347,319,1989,31,597,614,190,557,0,0,1,0,0,4,46,614,101,412,112,387,39,125,89,27,33
33275.0,Martres,102,17,85,0,22,15,5,43,0,0,0,0,1,0,0,15,3,34,6,18,0,4,2,0,3
33276.0,Masseilles,113,15,94,1,16,20,18,39,0,0,0,0,1,0,2,20,7,30,4,14,0,0,11,1,5
33277.0,Massugas,184,42,137,4,32,15,16,70,0,0,0,0,1,1,1,15,14,53,16,22,2,7,2,3,1
33278.0,Mauriac,198,23,166,0,39,47,24,56,0,0,0,0,1,0,6,47,16,50,6,27,1,5,8,0,0
33278.0,Mauriac,198,23,166,0,39,47,24,56,0,0,0,0,1,0,6,47,16,50,6,27,1,5,8,0,0
33280.0,Mazion,373,66,300,4,62,59,24,151,0,0,0,0,1,2,8,59,16,131,18,38,9,7,8,2,2
33279.0,Mazères,536,73,457,3,111,118,67,158,0,0,0,0,1,2,14,118,38,108,35,70,15,12,29,1,15
33279.0,Mazères,536,73,457,3,111,118,67,158,0,0,0,0,1,2,14,118,38,108,35,70,15,12,29,1,15
33283.0,Mesterrieux,147,24,120,5,29,21,13,52,0,0,0,0,1,0,4,21,10,38,11,23,0,2,3,5,3
33284.0,Mios,8124,1506,6459,97,1659,1566,552,2585,0,0,0,0,1,31,154,1566,348,2027,401,1088,131,286,204,66,157
33285.0,Mombrier,366,47,311,5,86,69,27,124,0,0,0,0,1,2,7,69,11,102,15,59,6,14,16,3,7
33287.0,Mongauzy,435,98,330,3,72,57,37,161,0,0,0,0,1,2,10,57,23,129,26,54,4,4,14,1,6
33288.0,Monprimblanc,251,66,182,7,41,39,16,79,0,0,0,0,1,3,0,39,14,59,20,36,2,3,2,4,0
33289.0,Monségur,1117,269,832,14,276,209,97,236,0,1,0,0,0,6,25,209,66,181,41,200,32,19,31,8,14
33289.0,Monségur,1117,269,832,14,276,209,97,236,0,1,0,0,0,6,25,209,66,181,41,200,32,19,31,8,14
33289.0,Monségur,1117,269,832,14,276,209,97,236,0,1,0,0,0,6,25,209,66,181,41,200,32,19,31,8,14
33289.0,Monségur,1117,269,832,14,276,209,97,236,0,1,0,0,0,6,25,209,66,181,41,200,32,19,31,8,14
33290.0,Montagne,1098,164,915,10,202,290,116,297,0,0,0,0,1,2,33,290,61,218,61,122,15,32,55,8,18
33290.0,Montagne,1098,164,915,10,202,290,116,297,0,0,0,0,1,2,33,290,61,218,61,122,15,32,55,8,18
33291.0,Montagoudin,154,36,113,3,27,28,12,43,0,0,0,0,1,3,0,28,5,35,5,19,4,4,7,0,3
33292.0,Montignac,133,16,115,1,33,24,10,47,0,0,0,0,1,0,3,24,5,28,16,25,4,1,5,1,3
33292.0,Montignac,133,16,115,1,33,24,10,47,0,0,0,0,1,0,3,24,5,28,16,25,4,1,5,1,3
33292.0,Montignac,133,16,115,1,33,24,10,47,0,0,0,0,1,0,3,24,5,28,16,25,4,1,5,1,3
33293.0,Montussan,2557,531,1975,19,531,568,166,691,0,0,0,0,1,2,51,568,89,494,144,351,52,77,77,17,53
33294.0,Morizès,406,104,296,5,85,62,39,105,0,0,0,0,1,2,7,62,26,87,13,60,7,11,13,3,5
33295.0,Mouillac,81,24,57,1,26,8,1,21,0,1,0,0,0,1,0,8,0,17,3,18,7,1,1,0,1
33295.0,Mouillac,81,24,57,1,26,8,1,21,0,1,0,0,0,1,0,8,0,17,3,18,7,1,1,0,1
33296.0,Mouliets-et-Villemartin,823,182,631,9,151,138,35,298,0,0,0,0,1,4,10,138,26,240,46,112,12,17,9,5,12
33297.0,Moulis-en-Médoc,1394,290,1080,18,283,255,102,422,0,0,0,0,1,4,36,255,69,349,55,203,13,31,33,14,18
33298.0,Moulon,735,118,601,8,169,164,68,192,0,0,0,0,1,2,22,164,40,155,26,107,10,30,28,6,11
33298.0,Moulon,735,118,601,8,169,164,68,192,0,0,0,0,1,2,22,164,40,155,26,107,10,30,28,6,11
33299.0,Mourens,293,54,235,0,50,45,42,98,0,0,0,0,1,0,6,45,30,81,10,31,3,10,12,0,7
33281.0,Mérignac,47491,9801,37002,482,13249,12125,2611,8535,0,1,0,0,0,148,851,12125,1164,5744,2195,8830,1091,2477,1447,334,596
33281.0,Mérignac,47491,9801,37002,482,13249,12125,2611,8535,0,1,0,0,0,148,851,12125,1164,5744,2195,8830,1091,2477,1447,334,596
33281.0,Mérignac,47491,9801,37002,482,13249,12125,2611,8535,0,1,0,0,0,148,851,12125,1164,5744,2195,8830,1091,2477,1447,334,596
33282.0,Mérignas,237,48,186,2,31,54,25,74,0,0,0,0,1,1,0,54,15,58,11,19,5,7,10,1,5
33300.0,Naujac-sur-Mer,934,167,757,18,167,128,87,357,0,0,0,0,1,4,18,128,61,281,58,132,5,12,26,14,18
33301.0,Naujan-et-Postiac,448,70,371,3,82,97,46,143,0,0,0,0,1,2,11,97,29,112,24,51,5,15,17,1,7
33304.0,Neuffons,147,36,107,1,29,21,16,40,0,0,0,0,1,0,3,21,14,31,7,17,2,7,2,1,2
33306.0,Noaillac,403,69,328,3,83,61,41,140,0,0,0,0,1,1,6,61,28,120,15,62,8,7,13,2,5
33307.0,Noaillan,1287,262,991,12,327,233,85,334,0,0,0,0,1,1,31,233,64,241,71,227,23,46,21,11,22
33302.0,Néac,267,62,199,2,52,64,18,63,0,0,1,0,0,1,9,64,10,49,11,34,2,7,8,1,3
33303.0,Nérigean,697,145,547,7,138,169,25,208,0,0,0,0,1,4,8,169,11,173,20,103,15,12,14,3,15
33308.0,Omet,228,27,197,3,55,38,25,76,0,0,0,0,1,1,6,38,18,51,22,41,3,5,7,2,3
33309.0,Ordonnac,387,110,270,2,67,63,17,121,0,0,0,0,1,1,10,63,11,105,16,46,2,9,6,1,0
33310.0,Origne,150,26,119,0,43,17,19,40,0,1,0,0,0,0,0,17,13,24,12,35,3,5,6,0,4
33311.0,Paillet,844,132,701,9,275,133,57,227,0,1,0,0,0,1,15,133,43,181,39,210,11,39,14,8,7
33312.0,Parempuyre,7123,1340,5662,101,1711,1544,399,1907,0,0,0,0,1,37,120,1544,213,1484,326,1147,155,289,186,64,97
33314.0,Pauillac,3013,959,2018,31,520,428,172,867,0,0,0,0,1,10,35,428,97,710,125,411,31,43,75,21,32
33316.0,Pellegrue,729,181,541,6,101,107,67,260,0,0,0,0,1,5,6,107,43,200,47,73,10,12,24,1,13
33318.0,Pessac,43198,10253,32348,411,12498,10372,2463,6604,0,1,0,0,0,112,835,10372,1087,4394,1717,8468,894,2301,1376,299,493
33319.0,Pessac-sur-Dordogne,309,62,241,5,54,52,31,99,0,0,0,0,1,4,7,52,18,76,19,30,7,10,13,1,4
33320.0,Petit-Palais-et-Cornemps,559,109,439,4,88,73,58,216,0,0,0,0,1,3,5,73,33,164,37,63,10,10,25,1,15
33321.0,Peujard,1581,239,1313,18,413,273,72,537,0,0,0,0,1,6,32,273,50,453,64,327,20,34,22,12,20
33324.0,Pineuilh,3121,693,2388,37,581,534,233,1003,0,0,0,0,1,14,50,534,118,710,229,417,46,68,115,23,64
33325.0,Plassac,698,102,583,7,171,175,56,174,0,0,1,0,0,2,31,175,27,114,43,104,10,26,29,5,17
33325.0,Plassac,698,102,583,7,171,175,56,174,0,0,1,0,0,2,31,175,27,114,43,104,10,26,29,5,17
33326.0,Pleine-Selve,183,44,137,5,24,37,18,53,0,0,0,0,1,0,1,37,15,40,11,17,4,2,3,5,2
33326.0,Pleine-Selve,183,44,137,5,24,37,18,53,0,0,0,0,1,0,1,37,15,40,11,17,4,2,3,5,2
33327.0,Podensac,2121,535,1554,24,477,370,144,539,0,0,0,0,1,6,45,370,102,427,73,342,40,50,42,18,39
33328.0,Pomerol,474,111,354,3,77,93,39,142,0,0,0,0,1,0,2,93,22,102,34,59,3,13,17,3,6
33330.0,Pompignac,2654,411,2197,22,597,761,220,597,0,0,1,0,0,3,38,761,107,427,137,388,45,126,113,19,33
33329.0,Pompéjac,204,25,178,0,48,27,30,73,0,0,0,0,1,0,7,27,27,50,18,29,8,4,3,0,5
33331.0,Pondaurat,352,61,282,4,95,57,37,89,0,1,0,0,0,2,6,57,24,65,19,63,12,14,13,2,5
33332.0,Porchères,683,131,543,9,126,104,48,256,0,0,0,0,1,2,16,104,25,214,31,89,7,14,23,7,11
,Porte de Benauge,385,61,318,3,73,100,46,96,0,0,1,0,0,2,4,100,21,82,9,57,6,6,25,1,5
33334.0,Portets,2037,436,1574,17,498,407,125,527,0,0,0,0,1,5,37,407,65,397,109,366,27,68,60,12,21
33337.0,Preignac,1536,339,1171,18,289,332,117,415,0,0,0,0,1,8,29,332,81,317,80,203,20,37,36,10,18
33339.0,Prignac-et-Marcamps,1054,208,826,21,279,170,61,295,0,0,0,0,1,7,26,170,37,239,41,198,24,31,24,14,15
33336.0,Préchac,834,165,662,9,211,147,102,193,0,1,0,0,0,2,16,147,75,124,57,169,13,13,27,7,12
33336.0,Préchac,834,165,662,9,211,147,102,193,0,1,0,0,0,2,16,147,75,124,57,169,13,13,27,7,12
33336.0,Préchac,834,165,662,9,211,147,102,193,0,1,0,0,0,2,16,147,75,124,57,169,13,13,27,7,12
33341.0,Pugnac,1658,337,1298,28,318,243,89,620,0,0,0,0,1,7,29,243,55,503,84,237,14,38,34,21,33
33342.0,Puisseguin,631,108,516,5,92,161,65,193,0,0,0,0,1,1,10,161,39,126,53,67,4,11,26,4,14
33344.0,Pujols,455,88,360,2,83,100,35,140,0,0,0,0,1,0,10,100,21,98,37,58,5,10,14,2,5
33344.0,Pujols,455,88,360,2,83,100,35,140,0,0,0,0,1,0,10,100,21,98,37,58,5,10,14,2,5
33343.0,Pujols-sur-Ciron,657,96,549,7,164,110,43,225,0,0,0,0,1,0,13,110,34,198,16,110,14,27,9,7,11
33346.0,Puybarban,298,43,253,4,48,62,33,106,0,0,0,0,1,2,8,62,21,86,16,28,4,8,12,2,4
33347.0,Puynormand,270,43,221,3,35,34,30,119,0,0,0,0,1,0,2,34,17,102,13,25,6,2,13,3,4
33317.0,Périssac,942,206,718,7,177,176,62,296,0,0,0,0,1,2,22,176,37,252,31,116,17,22,25,5,13
33348.0,Queyrac,1176,265,897,15,169,193,103,417,0,0,0,0,1,1,14,193,66,326,78,127,14,14,37,14,13
33349.0,Quinsac,1679,240,1401,20,504,471,92,314,0,1,0,0,0,4,30,471,49,219,75,340,21,113,43,16,20
33349.0,Quinsac,1679,240,1401,20,504,471,92,314,0,1,0,0,0,4,30,471,49,219,75,340,21,113,43,16,20
33350.0,Rauzan,916,212,691,10,191,141,79,270,0,0,0,0,1,4,11,141,52,222,41,146,14,20,27,6,7
33351.0,Reignac,1243,369,855,12,167,148,99,429,0,0,0,0,1,6,11,148,67,378,33,126,8,22,32,6,18
33351.0,Reignac,1243,369,855,12,167,148,99,429,0,0,0,0,1,6,11,148,67,378,33,126,8,22,32,6,18
33353.0,Rimons,170,35,135,2,39,38,17,39,0,1,0,0,0,0,5,38,8,34,5,27,3,4,9,2,0
33354.0,Riocaud,143,27,114,0,28,29,10,47,0,0,0,0,1,0,3,29,4,33,12,17,4,4,6,0,2
33355.0,Rions,1169,179,969,17,341,251,68,292,0,1,0,0,0,5,24,251,50,219,53,252,25,40,18,12,20
33357.0,Roaillan,1286,184,1084,10,314,301,128,331,0,0,0,0,1,5,34,301,82,263,54,205,28,47,46,5,14
33358.0,Romagne,308,54,248,8,83,54,18,85,0,0,0,0,1,2,3,54,13,71,11,64,4,12,5,6,3
33358.0,Romagne,308,54,248,8,83,54,18,85,0,0,0,0,1,2,3,54,13,71,11,64,4,12,5,6,3
33359.0,Roquebrune,192,49,140,4,37,23,22,54,0,0,0,0,1,3,1,23,11,41,11,29,2,5,11,1,2
33359.0,Roquebrune,192,49,140,4,37,23,22,54,0,0,0,0,1,3,1,23,11,41,11,29,2,5,11,1,2
33361.0,Ruch,427,72,349,2,85,92,32,138,0,0,0,0,1,0,9,92,17,102,28,57,6,13,15,2,8
33362.0,Sablons,994,218,760,11,179,122,85,363,0,0,0,0,1,3,14,122,51,312,33,140,14,11,34,8,18
33362.0,Sablons,994,218,760,11,179,122,85,363,0,0,0,0,1,3,14,122,51,312,33,140,14,11,34,8,18
33363.0,Sadirac,3483,609,2796,38,930,769,234,825,0,1,0,0,0,10,79,769,135,621,148,626,54,171,99,28,56
33364.0,Saillans,284,47,232,1,55,65,24,87,0,0,0,0,1,0,4,65,17,68,15,35,4,12,7,1,4
33364.0,Saillans,284,47,232,1,55,65,24,87,0,0,0,0,1,0,4,65,17,68,15,35,4,12,7,1,4
33365.0,Saint-Aignan,167,30,137,1,31,41,15,49,0,0,0,0,1,0,2,41,13,37,11,19,4,6,2,1,1
33365.0,Saint-Aignan,167,30,137,1,31,41,15,49,0,0,0,0,1,0,2,41,13,37,11,19,4,6,2,1,1
33365.0,Saint-Aignan,167,30,137,1,31,41,15,49,0,0,0,0,1,0,2,41,13,37,11,19,4,6,2,1,1
33365.0,Saint-Aignan,167,30,137,1,31,41,15,49,0,0,0,0,1,0,2,41,13,37,11,19,4,6,2,1,1
33365.0,Saint-Aignan,167,30,137,1,31,41,15,49,0,0,0,0,1,0,2,41,13,37,11,19,4,6,2,1,1
33365.0,Saint-Aignan,167,30,137,1,31,41,15,49,0,0,0,0,1,0,2,41,13,37,11,19,4,6,2,1,1
33370.0,Saint-Androny,407,71,329,1,62,61,29,176,0,0,0,0,1,0,14,61,14,153,15,42,5,1,15,1,8
33366.0,Saint-André-de-Cubzac,8245,1989,6129,80,1855,1422,424,2348,0,0,0,0,1,25,141,1422,237,1829,384,1338,124,252,187,55,135
33367.0,Saint-André-du-Bois,328,60,265,2,72,67,35,89,0,0,0,0,1,1,7,67,23,68,14,53,5,7,12,1,7
33369.0,Saint-André-et-Appelles,552,123,422,3,85,100,51,183,0,0,0,0,1,2,9,100,33,132,36,55,10,11,18,1,15
33372.0,Saint-Antoine-du-Queyret,55,12,41,0,2,11,3,25,0,0,0,0,1,0,1,11,3,20,5,1,0,0,0,0,0
33373.0,Saint-Antoine-sur-l'Isle,438,68,366,4,79,75,29,179,0,0,0,0,1,2,4,75,18,155,20,62,6,7,11,2,4
33374.0,Saint-Aubin-de-Blaye,590,136,446,6,91,90,46,213,0,0,0,0,1,3,7,90,30,180,25,73,5,6,16,3,8
33375.0,Saint-Aubin-de-Branne,292,39,244,3,53,64,33,91,0,0,0,0,1,0,4,64,17,73,13,34,6,9,16,3,5
33376.0,Saint-Aubin-de-Médoc,6039,882,5082,40,1186,1986,555,1315,0,0,1,0,0,16,107,1986,167,865,359,703,87,289,388,24,91
33378.0,Saint-Avit-Saint-Nazaire,1126,253,856,13,226,150,82,385,0,0,0,0,1,3,22,150,58,298,63,165,18,21,24,10,24
33377.0,Saint-Avit-de-Soulège,63,13,49,0,16,12,9,12,0,1,0,0,0,0,1,12,8,12,0,12,1,2,1,0,0
33379.0,Saint-Brice,201,50,148,1,33,36,17,61,0,0,0,0,1,0,3,36,9,42,15,16,9,5,8,1,4
33379.0,Saint-Brice,201,50,148,1,33,36,17,61,0,0,0,0,1,0,3,36,9,42,15,16,9,5,8,1,4
33379.0,Saint-Brice,201,50,148,1,33,36,17,61,0,0,0,0,1,0,3,36,9,42,15,16,9,5,8,1,4
33379.0,Saint-Brice,201,50,148,1,33,36,17,61,0,0,0,0,1,0,3,36,9,42,15,16,9,5,8,1,4
33379.0,Saint-Brice,201,50,148,1,33,36,17,61,0,0,0,0,1,0,3,36,9,42,15,16,9,5,8,1,4
33379.0,Saint-Brice,201,50,148,1,33,36,17,61,0,0,0,0,1,0,3,36,9,42,15,16,9,5,8,1,4
33381.0,Saint-Caprais-de-Bordeaux,2643,480,2113,41,706,557,142,667,0,1,0,0,0,14,76,557,85,516,124,486,37,107,57,27,27
33383.0,Saint-Christoly-Médoc,225,47,174,9,39,41,11,74,0,0,0,0,1,5,4,41,5,56,14,27,3,5,6,4,4
33382.0,Saint-Christoly-de-Blaye,1454,387,1049,15,204,220,94,516,0,0,0,0,1,8,19,220,46,410,86,144,13,28,48,7,20
33385.0,Saint-Christophe-de-Double,538,148,384,7,89,54,32,202,0,0,0,0,1,3,15,54,27,155,34,59,10,5,5,4,13
33384.0,Saint-Christophe-des-Bardes,357,60,294,5,52,107,54,76,0,0,1,0,0,0,5,107,25,43,28,39,3,5,29,5,5
33386.0,Saint-Cibard,147,33,112,1,17,27,18,49,0,0,0,0,1,1,2,27,5,29,18,11,2,2,13,0,2
33387.0,Saint-Ciers-d'Abzac,1163,340,811,13,229,146,74,349,0,0,0,0,1,2,16,146,40,282,53,177,11,25,34,11,14
33388.0,Saint-Ciers-de-Canesse,644,158,471,11,131,92,36,201,0,0,0,0,1,6,21,92,20,171,18,93,7,10,16,5,12
33389.0,Saint-Ciers-sur-Gironde,2329,583,1710,32,386,316,189,787,0,0,0,0,1,12,80,316,111,635,94,230,30,46,78,20,58
33391.0,Saint-Côme,268,52,209,3,60,58,22,66,0,0,0,0,1,2,2,58,17,53,10,47,5,6,5,1,3
33393.0,Saint-Denis-de-Pile,4149,877,3206,43,841,753,260,1309,0,0,0,0,1,16,78,753,162,1071,187,608,70,85,98,27,51
,Saint-Emilion,1394,267,1110,9,212,376,143,370,0,0,1,0,0,4,23,376,63,225,126,136,17,36,80,5,19
33395.0,Saint-Estèphe,1122,306,801,11,153,146,65,426,0,0,0,0,1,6,23,146,40,348,58,109,11,10,25,5,20
33395.0,Saint-Estèphe,1122,306,801,11,153,146,65,426,0,0,0,0,1,6,23,146,40,348,58,109,11,10,25,5,20
,Saint-Etienne-de-Lisse,143,39,103,3,14,35,8,43,0,0,0,0,1,0,0,35,5,36,6,10,0,4,3,3,1
33398.0,Saint-Exupéry,156,33,120,1,46,20,9,44,0,1,0,0,0,1,10,20,5,33,8,25,7,4,4,0,3
33400.0,Saint-Ferme,259,60,196,1,43,44,36,72,0,0,0,0,1,1,5,44,23,51,14,29,7,2,13,0,7
33399.0,Saint-Félix-de-Foncaude,228,57,164,2,26,31,25,80,0,0,0,0,1,1,1,31,17,64,12,23,0,2,8,1,4
,Saint-Genis-du-Bois,66,12,54,0,14,9,9,22,0,0,0,0,1,0,0,9,1,20,1,11,1,2,8,0,1
33405.0,Saint-Genès-de-Blaye,350,54,291,6,69,88,28,100,0,0,0,0,1,3,15,88,18,79,14,38,6,10,10,3,7
33406.0,Saint-Genès-de-Castillon,299,56,235,1,45,65,18,106,0,0,0,0,1,0,3,65,7,72,28,31,3,8,11,1,6
33407.0,Saint-Genès-de-Fronsac,685,133,540,14,127,111,38,250,0,0,0,0,1,5,13,111,22,205,30,88,10,16,16,9,15
33408.0,Saint-Genès-de-Lombaud,313,54,257,4,86,79,20,68,0,1,0,0,0,1,4,79,7,46,15,64,1,17,13,3,7
33412.0,Saint-Germain-d'Esteuil,1062,287,763,23,124,127,53,436,0,0,0,0,1,4,22,127,33,363,55,76,11,15,20,19,18
33411.0,Saint-Germain-de-Grave,117,15,101,0,21,13,25,42,0,0,0,0,1,0,5,13,20,33,7,12,0,4,5,0,2
33414.0,Saint-Germain-de-la-Rivière,290,48,237,3,57,59,33,85,0,0,0,0,1,1,5,59,15,62,21,35,8,9,18,2,2
33413.0,Saint-Germain-du-Puch,1840,351,1465,15,387,433,129,501,0,0,0,0,1,2,32,433,58,365,102,275,20,60,71,13,34
33415.0,Saint-Gervais,1445,254,1167,17,344,277,89,440,0,0,0,0,1,7,25,277,46,349,63,239,25,55,43,10,28
33415.0,Saint-Gervais,1445,254,1167,17,344,277,89,440,0,0,0,0,1,7,25,277,46,349,63,239,25,55,43,10,28
33415.0,Saint-Gervais,1445,254,1167,17,344,277,89,440,0,0,0,0,1,7,25,277,46,349,63,239,25,55,43,10,28
33415.0,Saint-Gervais,1445,254,1167,17,344,277,89,440,0,0,0,0,1,7,25,277,46,349,63,239,25,55,43,10,28
33415.0,Saint-Gervais,1445,254,1167,17,344,277,89,440,0,0,0,0,1,7,25,277,46,349,63,239,25,55,43,10,28
33416.0,Saint-Girons-d'Aiguevives,703,137,555,15,108,97,34,301,0,0,0,0,1,8,11,97,25,242,32,83,4,10,9,7,27
33418.0,Saint-Hilaire-de-la-Noaille,282,56,219,3,51,51,16,98,0,0,0,0,1,0,2,51,8,85,8,34,7,8,8,3,5
33419.0,Saint-Hilaire-du-Bois,62,14,47,0,8,16,6,17,0,0,0,0,1,0,0,16,2,10,4,7,1,0,4,0,3
33419.0,Saint-Hilaire-du-Bois,62,14,47,0,8,16,6,17,0,0,0,0,1,0,0,16,2,10,4,7,1,0,4,0,3
33420.0,Saint-Hippolyte,112,27,85,2,11,24,11,37,0,0,0,0,1,1,0,24,0,28,9,10,1,0,11,1,0
33420.0,Saint-Hippolyte,112,27,85,2,11,24,11,37,0,0,0,0,1,1,0,24,0,28,9,10,1,0,11,1,0
33420.0,Saint-Hippolyte,112,27,85,2,11,24,11,37,0,0,0,0,1,1,0,24,0,28,9,10,1,0,11,1,0
33420.0,Saint-Hippolyte,112,27,85,2,11,24,11,37,0,0,0,0,1,1,0,24,0,28,9,10,1,0,11,1,0
33420.0,Saint-Hippolyte,112,27,85,2,11,24,11,37,0,0,0,0,1,1,0,24,0,28,9,10,1,0,11,1,0
33420.0,Saint-Hippolyte,112,27,85,2,11,24,11,37,0,0,0,0,1,1,0,24,0,28,9,10,1,0,11,1,0
33420.0,Saint-Hippolyte,112,27,85,2,11,24,11,37,0,0,0,0,1,1,0,24,0,28,9,10,1,0,11,1,0
33420.0,Saint-Hippolyte,112,27,85,2,11,24,11,37,0,0,0,0,1,1,0,24,0,28,9,10,1,0,11,1,0
33422.0,Saint-Jean-d'Illac,6887,1304,5462,64,1448,1869,454,1627,0,0,1,0,0,15,103,1869,223,1147,370,957,101,287,231,49,110
33421.0,Saint-Jean-de-Blaignac,348,81,259,2,49,67,31,110,0,0,0,0,1,0,2,67,20,83,22,36,5,6,11,2,5
33423.0,Saint-Julien-Beychevelle,359,61,287,5,63,71,35,113,0,0,0,0,1,2,6,71,24,97,9,47,4,6,11,3,7
33424.0,Saint-Laurent-Médoc,3606,760,2787,48,673,634,259,1173,0,0,0,0,1,14,64,634,179,943,187,468,53,88,80,34,43
33425.0,Saint-Laurent-d'Arce,1150,199,914,15,231,221,65,382,0,0,0,0,1,4,18,221,33,310,56,155,25,33,32,11,16
33426.0,Saint-Laurent-des-Combes,175,28,143,0,20,52,21,50,0,0,1,0,0,0,5,52,5,34,14,9,1,5,16,0,2
33426.0,Saint-Laurent-des-Combes,175,28,143,0,20,52,21,50,0,0,1,0,0,0,5,52,5,34,14,9,1,5,16,0,2
33427.0,Saint-Laurent-du-Bois,220,30,185,0,39,46,28,72,0,0,0,0,1,0,2,46,19,58,11,26,2,9,9,0,3
33428.0,Saint-Laurent-du-Plan,65,14,50,0,15,10,11,14,0,1,0,0,0,0,3,10,2,10,4,10,1,1,9,0,0
33432.0,Saint-Loubert,172,18,152,0,48,39,17,48,0,1,0,0,0,0,4,39,12,41,6,31,8,5,5,0,1
33433.0,Saint-Loubès,6804,1222,5457,85,1598,1644,373,1757,0,0,0,0,1,30,151,1644,213,1367,285,1146,99,202,160,55,105
33434.0,Saint-Louis-de-Montferrand,1310,252,1032,16,331,224,67,394,0,0,0,0,1,5,22,224,47,320,51,251,34,24,20,11,23
33429.0,Saint-Léger-de-Balson,274,71,198,3,64,27,20,84,0,0,0,0,1,2,5,27,17,64,15,47,6,6,3,1,5
33431.0,Saint-Léon,269,60,205,2,64,57,13,69,0,0,0,0,1,2,7,57,12,55,9,43,9,5,1,0,5
33431.0,Saint-Léon,269,60,205,2,64,57,13,69,0,0,0,0,1,2,7,57,12,55,9,43,9,5,1,0,5
33431.0,Saint-Léon,269,60,205,2,64,57,13,69,0,0,0,0,1,2,7,57,12,55,9,43,9,5,1,0,5
33431.0,Saint-Léon,269,60,205,2,64,57,13,69,0,0,0,0,1,2,7,57,12,55,9,43,9,5,1,0,5
33435.0,Saint-Macaire,1447,354,1064,15,393,234,105,317,0,1,0,0,0,6,34,234,62,189,116,292,16,51,43,9,12
33436.0,Saint-Magne,899,169,721,20,186,163,68,284,0,0,0,0,1,4,16,163,49,221,40,132,16,22,19,16,23
33437.0,Saint-Magne-de-Castillon,1501,366,1117,13,225,241,113,525,0,0,0,0,1,4,23,241,62,427,86,161,15,26,51,9,12
33438.0,Saint-Maixant,1463,288,1144,22,365,260,89,408,0,0,0,0,1,5,31,260,57,309,84,268,21,45,32,17,15
33438.0,Saint-Maixant,1463,288,1144,22,365,260,89,408,0,0,0,0,1,5,31,260,57,309,84,268,21,45,32,17,15
33439.0,Saint-Mariens,1110,246,844,21,179,162,61,421,0,0,0,0,1,10,30,162,34,367,36,127,8,14,27,11,18
33440.0,Saint-Martial,184,40,140,4,49,35,12,40,0,1,0,0,0,2,4,35,10,35,1,38,4,3,2,2,4
33440.0,Saint-Martial,184,40,140,4,49,35,12,40,0,1,0,0,0,2,4,35,10,35,1,38,4,3,2,2,4
33440.0,Saint-Martial,184,40,140,4,49,35,12,40,0,1,0,0,0,2,4,35,10,35,1,38,4,3,2,2,4
33440.0,Saint-Martial,184,40,140,4,49,35,12,40,0,1,0,0,0,2,4,35,10,35,1,38,4,3,2,2,4
33440.0,Saint-Martial,184,40,140,4,49,35,12,40,0,1,0,0,0,2,4,35,10,35,1,38,4,3,2,2,4
33440.0,Saint-Martial,184,40,140,4,49,35,12,40,0,1,0,0,0,2,4,35,10,35,1,38,4,3,2,2,4
33441.0,Saint-Martin-Lacaussade,820,139,664,15,157,176,47,269,0,0,0,0,1,5,23,176,30,212,40,96,18,20,17,10,17
33442.0,Saint-Martin-de-Laye,401,90,303,8,61,59,27,148,0,0,0,0,1,1,9,59,19,122,22,39,3,10,8,7,4
33443.0,Saint-Martin-de-Lerm,121,29,89,0,22,22,11,34,0,0,0,0,1,0,1,22,9,20,14,18,0,3,2,0,0
33444.0,Saint-Martin-de-Sescas,396,67,322,3,86,82,37,114,0,0,0,0,1,2,11,82,29,88,24,56,6,13,8,1,2
33445.0,Saint-Martin-du-Bois,660,131,518,7,130,94,47,240,0,0,0,0,1,2,10,94,30,207,26,97,7,16,17,5,7
33446.0,Saint-Martin-du-Puy,134,25,106,1,28,21,18,38,0,0,0,0,1,0,4,21,10,29,6,21,2,1,8,1,3
33446.0,Saint-Martin-du-Puy,134,25,106,1,28,21,18,38,0,0,0,0,1,0,4,21,10,29,6,21,2,1,8,1,3
33450.0,Saint-Michel-de-Castelnau,182,23,159,2,49,29,20,59,0,0,0,0,1,0,5,29,18,49,6,35,9,0,2,2,4
33451.0,Saint-Michel-de-Fronsac,397,76,314,5,82,64,30,133,0,0,0,0,1,1,9,64,19,98,25,57,6,10,11,4,10
33453.0,Saint-Michel-de-Lapujade,173,29,138,0,37,28,19,54,0,0,0,0,1,0,4,28,17,41,9,27,2,4,2,0,4
33452.0,Saint-Michel-de-Rieufret,584,94,477,4,137,134,37,165,0,0,0,0,1,1,10,134,28,115,45,99,9,19,9,3,5
33454.0,Saint-Morillon,1357,201,1126,14,347,335,93,337,0,1,0,0,0,5,25,335,47,228,83,220,32,70,46,9,26
33448.0,Saint-Médard-d'Eyrans,2457,490,1922,32,560,564,181,585,0,0,0,0,1,8,59,564,119,449,103,365,44,92,62,24,33
33447.0,Saint-Médard-de-Guizières,1742,408,1307,20,301,270,96,620,0,0,0,0,1,8,24,270,50,528,76,220,20,37,46,12,16
33449.0,Saint-Médard-en-Jalles,24715,4718,19598,238,5918,6653,1546,5243,0,0,1,0,0,62,446,6653,748,3731,1147,3840,496,1136,798,176,365
33456.0,Saint-Palais,411,76,329,6,65,94,37,127,0,0,0,0,1,4,10,94,25,97,21,48,4,3,12,2,9
33456.0,Saint-Palais,411,76,329,6,65,94,37,127,0,0,0,0,1,4,10,94,25,97,21,48,4,3,12,2,9
33456.0,Saint-Palais,411,76,329,6,65,94,37,127,0,0,0,0,1,4,10,94,25,97,21,48,4,3,12,2,9
33456.0,Saint-Palais,411,76,329,6,65,94,37,127,0,0,0,0,1,4,10,94,25,97,21,48,4,3,12,2,9
33457.0,Saint-Pardon-de-Conques,501,89,401,5,87,127,50,132,0,0,0,0,1,1,0,127,34,91,29,66,11,10,16,4,12
33458.0,Saint-Paul,745,137,595,7,129,127,49,283,0,0,0,0,1,6,24,127,32,227,42,79,14,12,17,1,14
33458.0,Saint-Paul,745,137,595,7,129,127,49,283,0,0,0,0,1,6,24,127,32,227,42,79,14,12,17,1,14
33458.0,Saint-Paul,745,137,595,7,129,127,49,283,0,0,0,0,1,6,24,127,32,227,42,79,14,12,17,1,14
33458.0,Saint-Paul,745,137,595,7,129,127,49,283,0,0,0,0,1,6,24,127,32,227,42,79,14,12,17,1,14
33458.0,Saint-Paul,745,137,595,7,129,127,49,283,0,0,0,0,1,6,24,127,32,227,42,79,14,12,17,1,14
33458.0,Saint-Paul,745,137,595,7,129,127,49,283,0,0,0,0,1,6,24,127,32,227,42,79,14,12,17,1,14
33458.0,Saint-Paul,745,137,595,7,129,127,49,283,0,0,0,0,1,6,24,127,32,227,42,79,14,12,17,1,14
33458.0,Saint-Paul,745,137,595,7,129,127,49,283,0,0,0,0,1,6,24,127,32,227,42,79,14,12,17,1,14
33458.0,Saint-Paul,745,137,595,7,129,127,49,283,0,0,0,0,1,6,24,127,32,227,42,79,14,12,17,1,14
33459.0,Saint-Pey-d'Armens,152,22,129,0,28,32,15,54,0,0,0,0,1,0,3,32,11,37,13,18,3,4,4,0,4
33460.0,Saint-Pey-de-Castets,506,105,395,9,93,94,26,173,0,0,0,0,1,5,7,94,17,128,36,69,8,9,9,4,9
33461.0,Saint-Philippe-d'Aiguille,277,51,224,1,42,45,32,104,0,0,0,0,1,1,5,45,15,77,23,32,3,2,17,0,4
33462.0,Saint-Philippe-du-Seignal,380,71,300,0,61,59,32,148,0,0,0,0,1,0,5,59,20,113,27,45,3,8,12,0,8
33463.0,Saint-Pierre-d'Aurillac,1016,250,747,13,316,138,51,229,0,1,0,0,0,4,93,138,33,180,36,187,7,29,18,9,13
33464.0,Saint-Pierre-de-Bat,264,52,207,4,64,48,21,70,0,0,0,0,1,0,6,48,17,52,11,47,5,6,4,4,7
33465.0,Saint-Pierre-de-Mons,929,198,707,18,199,170,84,236,0,0,0,0,1,7,15,170,54,189,31,140,22,22,30,11,16
33466.0,Saint-Quentin-de-Baron,1688,365,1295,22,374,276,105,518,0,0,0,0,1,10,32,276,63,410,69,261,32,49,42,12,39
33467.0,Saint-Quentin-de-Caplong,200,28,170,5,39,44,30,52,0,0,0,0,1,2,4,44,18,45,5,31,2,2,12,3,2
33470.0,Saint-Romain-la-Virvée,649,112,519,3,151,107,56,202,0,0,0,0,1,0,14,107,32,142,39,110,8,19,24,3,21
33471.0,Saint-Sauveur,996,207,776,14,150,163,65,384,0,0,0,0,1,3,18,163,40,331,44,103,9,20,25,11,9
33471.0,Saint-Sauveur,996,207,776,14,150,163,65,384,0,0,0,0,1,3,18,163,40,331,44,103,9,20,25,11,9
33471.0,Saint-Sauveur,996,207,776,14,150,163,65,384,0,0,0,0,1,3,18,163,40,331,44,103,9,20,25,11,9
33471.0,Saint-Sauveur,996,207,776,14,150,163,65,384,0,0,0,0,1,3,18,163,40,331,44,103,9,20,25,11,9
33471.0,Saint-Sauveur,996,207,776,14,150,163,65,384,0,0,0,0,1,3,18,163,40,331,44,103,9,20,25,11,9
33471.0,Saint-Sauveur,996,207,776,14,150,163,65,384,0,0,0,0,1,3,18,163,40,331,44,103,9,20,25,11,9
33471.0,Saint-Sauveur,996,207,776,14,150,163,65,384,0,0,0,0,1,3,18,163,40,331,44,103,9,20,25,11,9
33471.0,Saint-Sauveur,996,207,776,14,150,163,65,384,0,0,0,0,1,3,18,163,40,331,44,103,9,20,25,11,9
33471.0,Saint-Sauveur,996,207,776,14,150,163,65,384,0,0,0,0,1,3,18,163,40,331,44,103,9,20,25,11,9
33471.0,Saint-Sauveur,996,207,776,14,150,163,65,384,0,0,0,0,1,3,18,163,40,331,44,103,9,20,25,11,9
33471.0,Saint-Sauveur,996,207,776,14,150,163,65,384,0,0,0,0,1,3,18,163,40,331,44,103,9,20,25,11,9
33472.0,Saint-Sauveur-de-Puynormand,305,54,246,2,56,62,15,111,0,0,0,0,1,0,3,62,8,90,15,35,10,8,7,2,6
33473.0,Saint-Savin,2279,500,1743,30,373,324,114,902,0,0,0,0,1,5,47,324,63,767,86,255,29,42,51,25,49
33473.0,Saint-Savin,2279,500,1743,30,373,324,114,902,0,0,0,0,1,5,47,324,63,767,86,255,29,42,51,25,49
33473.0,Saint-Savin,2279,500,1743,30,373,324,114,902,0,0,0,0,1,5,47,324,63,767,86,255,29,42,51,25,49
33473.0,Saint-Savin,2279,500,1743,30,373,324,114,902,0,0,0,0,1,5,47,324,63,767,86,255,29,42,51,25,49
33474.0,Saint-Selve,2462,365,2062,29,592,567,205,669,0,0,0,0,1,11,51,567,110,485,134,373,63,105,95,18,50
33475.0,Saint-Seurin-de-Bourg,302,66,230,3,56,44,23,104,0,0,0,0,1,1,1,44,16,86,13,40,4,11,7,2,5
33476.0,Saint-Seurin-de-Cadourne,547,121,421,6,73,94,37,211,0,0,0,0,1,0,11,94,16,173,30,49,4,9,21,6,8
33477.0,Saint-Seurin-de-Cursac,536,120,407,6,119,79,36,167,0,0,0,0,1,3,19,79,19,140,19,78,10,12,17,3,8
33478.0,Saint-Seurin-sur-l'Isle,2462,663,1766,27,392,418,111,818,0,0,0,0,1,12,48,418,58,663,111,278,31,35,53,15,44
33480.0,Saint-Sulpice-de-Faleyrens,1092,214,863,17,205,233,80,328,0,0,0,0,1,6,11,233,39,247,61,155,15,24,41,11,20
33481.0,Saint-Sulpice-de-Guilleragues,192,37,155,1,41,33,14,66,0,0,0,0,1,1,1,33,12,52,10,30,9,1,2,0,4
33482.0,Saint-Sulpice-de-Pommiers,213,35,172,1,50,34,16,71,0,0,0,0,1,1,8,34,10,52,17,35,4,3,6,0,2
33483.0,Saint-Sulpice-et-Cameyrac,3858,706,3082,30,732,982,261,1077,0,0,0,0,1,10,60,982,129,790,241,499,50,123,132,20,46
33484.0,Saint-Symphorien,1356,283,1057,20,306,213,111,407,0,0,0,0,1,10,37,213,77,317,60,225,23,21,34,10,30
33484.0,Saint-Symphorien,1356,283,1057,20,306,213,111,407,0,0,0,0,1,10,37,213,77,317,60,225,23,21,34,10,30
33484.0,Saint-Symphorien,1356,283,1057,20,306,213,111,407,0,0,0,0,1,10,37,213,77,317,60,225,23,21,34,10,30
33484.0,Saint-Symphorien,1356,283,1057,20,306,213,111,407,0,0,0,0,1,10,37,213,77,317,60,225,23,21,34,10,30
33484.0,Saint-Symphorien,1356,283,1057,20,306,213,111,407,0,0,0,0,1,10,37,213,77,317,60,225,23,21,34,10,30
33484.0,Saint-Symphorien,1356,283,1057,20,306,213,111,407,0,0,0,0,1,10,37,213,77,317,60,225,23,21,34,10,30
33484.0,Saint-Symphorien,1356,283,1057,20,306,213,111,407,0,0,0,0,1,10,37,213,77,317,60,225,23,21,34,10,30
33479.0,Saint-Sève,184,29,152,3,36,25,13,75,0,0,0,0,1,2,1,25,11,57,17,27,2,6,2,1,1
33486.0,Saint-Trojan,280,52,224,2,57,37,18,110,0,0,0,0,1,1,3,37,13,92,12,40,7,7,5,1,6
33487.0,Saint-Vincent-de-Paul,745,194,542,14,133,101,40,254,0,0,0,0,1,4,9,101,15,213,36,108,0,16,25,10,5
33487.0,Saint-Vincent-de-Paul,745,194,542,14,133,101,40,254,0,0,0,0,1,4,9,101,15,213,36,108,0,16,25,10,5
33488.0,Saint-Vincent-de-Pertignas,294,58,232,4,49,66,28,85,0,0,0,0,1,1,5,66,16,66,14,21,7,16,12,3,5
33489.0,Saint-Vivien-de-Blaye,286,54,220,8,46,49,29,88,0,0,0,0,1,5,6,49,22,76,10,31,0,9,7,3,2
33491.0,Saint-Vivien-de-Monségur,270,42,223,9,32,54,38,90,0,0,0,0,1,6,1,54,21,63,18,24,4,3,17,3,9
33490.0,Saint-Vivien-de-Médoc,1523,324,1171,19,266,256,102,528,0,0,0,0,1,6,33,256,72,435,80,194,16,23,30,13,13
33492.0,Saint-Yzan-de-Soudiac,1675,369,1289,27,317,206,80,659,0,0,0,0,1,7,37,206,44,569,66,227,27,26,36,20,24
33493.0,Saint-Yzans-de-Médoc,264,47,213,8,59,39,25,82,0,0,0,0,1,2,8,39,18,59,22,37,10,4,7,6,1
33390.0,Sainte-Colombe,347,66,277,1,59,57,27,133,0,0,0,0,1,0,3,57,12,96,31,44,5,7,15,1,6
33390.0,Sainte-Colombe,347,66,277,1,59,57,27,133,0,0,0,0,1,0,3,57,12,96,31,44,5,7,15,1,6
33390.0,Sainte-Colombe,347,66,277,1,59,57,27,133,0,0,0,0,1,0,3,57,12,96,31,44,5,7,15,1,6
33390.0,Sainte-Colombe,347,66,277,1,59,57,27,133,0,0,0,0,1,0,3,57,12,96,31,44,5,7,15,1,6
33390.0,Sainte-Colombe,347,66,277,1,59,57,27,133,0,0,0,0,1,0,3,57,12,96,31,44,5,7,15,1,6
33390.0,Sainte-Colombe,347,66,277,1,59,57,27,133,0,0,0,0,1,0,3,57,12,96,31,44,5,7,15,1,6
33390.0,Sainte-Colombe,347,66,277,1,59,57,27,133,0,0,0,0,1,0,3,57,12,96,31,44,5,7,15,1,6
33390.0,Sainte-Colombe,347,66,277,1,59,57,27,133,0,0,0,0,1,0,3,57,12,96,31,44,5,7,15,1,6
33390.0,Sainte-Colombe,347,66,277,1,59,57,27,133,0,0,0,0,1,0,3,57,12,96,31,44,5,7,15,1,6
33390.0,Sainte-Colombe,347,66,277,1,59,57,27,133,0,0,0,0,1,0,3,57,12,96,31,44,5,7,15,1,6
33390.0,Sainte-Colombe,347,66,277,1,59,57,27,133,0,0,0,0,1,0,3,57,12,96,31,44,5,7,15,1,6
33390.0,Sainte-Colombe,347,66,277,1,59,57,27,133,0,0,0,0,1,0,3,57,12,96,31,44,5,7,15,1,6
33390.0,Sainte-Colombe,347,66,277,1,59,57,27,133,0,0,0,0,1,0,3,57,12,96,31,44,5,7,15,1,6
33392.0,Sainte-Croix-du-Mont,615,111,496,13,133,113,64,173,0,0,0,0,1,4,12,113,38,115,49,93,6,22,26,9,9
33397.0,Sainte-Eulalie,3570,760,2762,40,890,683,221,928,0,0,0,0,1,14,83,683,123,694,184,613,65,129,98,26,50
33397.0,Sainte-Eulalie,3570,760,2762,40,890,683,221,928,0,0,0,0,1,14,83,683,123,694,184,613,65,129,98,26,50
33397.0,Sainte-Eulalie,3570,760,2762,40,890,683,221,928,0,0,0,0,1,14,83,683,123,694,184,613,65,129,98,26,50
33397.0,Sainte-Eulalie,3570,760,2762,40,890,683,221,928,0,0,0,0,1,14,83,683,123,694,184,613,65,129,98,26,50
33397.0,Sainte-Eulalie,3570,760,2762,40,890,683,221,928,0,0,0,0,1,14,83,683,123,694,184,613,65,129,98,26,50
33401.0,Sainte-Florence,118,27,88,0,14,21,17,36,0,0,0,0,1,0,1,21,11,28,6,7,4,2,6,0,2
33402.0,Sainte-Foy-la-Grande,1323,394,916,13,299,200,80,324,0,0,0,0,1,2,21,200,45,206,100,225,31,22,35,11,18
33403.0,Sainte-Foy-la-Longue,87,16,71,0,17,17,16,21,0,0,0,0,1,0,4,17,9,13,8,10,2,1,7,0,0
33404.0,Sainte-Gemme,191,35,154,2,37,46,15,54,0,0,0,0,1,2,6,46,11,42,11,30,1,0,4,0,1
33404.0,Sainte-Gemme,191,35,154,2,37,46,15,54,0,0,0,0,1,2,6,46,11,42,11,30,1,0,4,0,1
33404.0,Sainte-Gemme,191,35,154,2,37,46,15,54,0,0,0,0,1,2,6,46,11,42,11,30,1,0,4,0,1
33404.0,Sainte-Gemme,191,35,154,2,37,46,15,54,0,0,0,0,1,2,6,46,11,42,11,30,1,0,4,0,1
33404.0,Sainte-Gemme,191,35,154,2,37,46,15,54,0,0,0,0,1,2,6,46,11,42,11,30,1,0,4,0,1
33404.0,Sainte-Gemme,191,35,154,2,37,46,15,54,0,0,0,0,1,2,6,46,11,42,11,30,1,0,4,0,1
33404.0,Sainte-Gemme,191,35,154,2,37,46,15,54,0,0,0,0,1,2,6,46,11,42,11,30,1,0,4,0,1
33417.0,Sainte-Hélène,2276,356,1867,31,465,418,179,774,0,0,0,0,1,11,53,418,126,604,132,315,34,63,53,20,38
33417.0,Sainte-Hélène,2276,356,1867,31,465,418,179,774,0,0,0,0,1,11,53,418,126,604,132,315,34,63,53,20,38
33417.0,Sainte-Hélène,2276,356,1867,31,465,418,179,774,0,0,0,0,1,11,53,418,126,604,132,315,34,63,53,20,38
33417.0,Sainte-Hélène,2276,356,1867,31,465,418,179,774,0,0,0,0,1,11,53,418,126,604,132,315,34,63,53,20,38
33417.0,Sainte-Hélène,2276,356,1867,31,465,418,179,774,0,0,0,0,1,11,53,418,126,604,132,315,34,63,53,20,38
33468.0,Sainte-Radegonde,337,75,258,2,54,50,32,120,0,0,0,0,1,1,3,50,21,98,17,40,3,8,11,1,5
33468.0,Sainte-Radegonde,337,75,258,2,54,50,32,120,0,0,0,0,1,1,3,50,21,98,17,40,3,8,11,1,5
33468.0,Sainte-Radegonde,337,75,258,2,54,50,32,120,0,0,0,0,1,1,3,50,21,98,17,40,3,8,11,1,5
33468.0,Sainte-Radegonde,337,75,258,2,54,50,32,120,0,0,0,0,1,1,3,50,21,98,17,40,3,8,11,1,5
33468.0,Sainte-Radegonde,337,75,258,2,54,50,32,120,0,0,0,0,1,1,3,50,21,98,17,40,3,8,11,1,5
33468.0,Sainte-Radegonde,337,75,258,2,54,50,32,120,0,0,0,0,1,1,3,50,21,98,17,40,3,8,11,1,5
33468.0,Sainte-Radegonde,337,75,258,2,54,50,32,120,0,0,0,0,1,1,3,50,21,98,17,40,3,8,11,1,5
33485.0,Sainte-Terre,1328,236,1069,10,251,290,85,433,0,0,0,0,1,5,25,290,45,342,74,172,21,33,40,5,17
33494.0,Salaunes,830,121,697,15,169,213,50,250,0,0,0,0,1,5,14,213,36,192,43,121,18,16,14,10,15
,Salleboeuf,2019,306,1686,21,477,511,137,540,0,0,0,0,1,5,32,511,66,392,109,346,33,66,71,16,39
33498.0,Salles,5939,983,4839,68,1335,1205,443,1788,0,0,0,0,1,27,140,1205,292,1326,360,861,108,226,151,41,102
33498.0,Salles,5939,983,4839,68,1335,1205,443,1788,0,0,0,0,1,27,140,1205,292,1326,360,861,108,226,151,41,102
33498.0,Salles,5939,983,4839,68,1335,1205,443,1788,0,0,0,0,1,27,140,1205,292,1326,360,861,108,226,151,41,102
33498.0,Salles,5939,983,4839,68,1335,1205,443,1788,0,0,0,0,1,27,140,1205,292,1326,360,861,108,226,151,41,102
33498.0,Salles,5939,983,4839,68,1335,1205,443,1788,0,0,0,0,1,27,140,1205,292,1326,360,861,108,226,151,41,102
33500.0,Samonac,332,59,261,3,81,49,29,99,0,0,0,0,1,1,6,49,22,84,9,63,6,6,7,2,6
33501.0,Saucats,2557,433,2075,30,587,625,186,647,0,0,0,0,1,12,49,625,109,486,124,361,34,143,77,18,37
33502.0,Saugon,364,99,261,3,54,50,19,135,0,0,0,0,1,3,5,50,11,110,15,40,3,6,8,0,10
33503.0,Saumos,414,71,337,7,74,99,44,113,0,0,0,0,1,2,5,99,25,89,18,48,7,14,19,5,6
33504.0,Sauternes,577,100,466,9,125,114,60,158,0,0,0,0,1,3,11,114,29,131,18,92,8,14,31,6,9
33506.0,Sauveterre-de-Guyenne,1462,355,1091,18,285,253,139,396,0,0,0,0,1,6,30,253,77,312,64,186,39,30,62,12,20
33507.0,Sauviac,294,48,244,3,83,57,17,84,0,0,0,0,1,0,4,57,10,64,14,70,6,3,7,3,6
33507.0,Sauviac,294,48,244,3,83,57,17,84,0,0,0,0,1,0,4,57,10,64,14,70,6,3,7,3,6
33508.0,Savignac,485,76,404,9,119,76,55,145,0,0,0,0,1,2,10,76,44,118,21,85,9,15,11,7,6
33508.0,Savignac,485,76,404,9,119,76,55,145,0,0,0,0,1,2,10,76,44,118,21,85,9,15,11,7,6
33509.0,Savignac-de-l'Isle,420,51,360,7,90,83,36,144,0,0,0,0,1,3,10,83,13,115,27,56,8,16,23,4,2
33510.0,Semens,155,23,130,1,41,27,13,48,0,0,0,0,1,0,5,27,10,37,10,25,2,9,3,1,1
33511.0,Sendets,265,25,235,5,56,39,31,104,0,0,0,0,1,3,7,39,25,78,22,37,6,6,6,2,4
33511.0,Sendets,265,25,235,5,56,39,31,104,0,0,0,0,1,3,7,39,25,78,22,37,6,6,6,2,4
33512.0,Sigalens,300,71,225,5,81,36,18,85,0,0,0,0,1,3,10,36,11,69,10,57,5,9,7,2,6
33513.0,Sillas,79,11,68,1,17,15,19,16,0,0,0,1,0,1,4,15,15,13,1,9,3,1,4,0,2
33514.0,Soulac-sur-Mer,2623,635,1953,26,427,588,224,688,0,0,0,0,1,6,55,588,122,494,162,270,27,75,102,20,32
33515.0,Soulignac,345,59,283,5,71,61,33,113,0,0,0,0,1,3,5,61,26,94,16,49,9,8,7,2,3
33516.0,Soussac,134,33,100,0,17,28,5,50,0,0,0,0,1,0,1,28,2,42,5,13,2,1,3,0,3
33517.0,Soussans,1236,235,980,13,243,203,65,456,0,0,0,0,1,3,27,203,37,383,63,180,14,22,28,10,10
33518.0,Tabanac,881,130,741,14,258,189,82,198,0,1,0,0,0,4,12,189,49,133,54,210,6,30,33,10,11
33520.0,Taillecavat,211,39,167,0,36,17,21,93,0,0,0,0,1,0,7,17,18,80,11,26,2,1,3,0,2
33521.0,Talais,636,157,470,6,85,97,49,233,0,0,0,0,1,0,11,97,32,186,39,64,3,7,17,6,8
33522.0,Talence,25033,5727,18967,248,8492,5693,1333,3201,0,1,0,0,0,71,422,5693,552,1884,1043,5891,527,1652,781,177,274
33523.0,Targon,1414,274,1123,18,284,273,105,443,0,0,0,0,1,7,26,273,63,365,59,207,14,37,42,11,19
33524.0,Tarnès,229,34,190,3,50,53,16,68,0,0,0,0,1,0,3,53,14,50,15,31,10,6,2,3,3
33525.0,Tauriac,1055,204,839,10,215,206,58,350,0,0,0,0,1,5,26,206,40,278,60,164,11,14,18,5,12
33525.0,Tauriac,1055,204,839,10,215,206,58,350,0,0,0,0,1,5,26,206,40,278,60,164,11,14,18,5,12
33525.0,Tauriac,1055,204,839,10,215,206,58,350,0,0,0,0,1,5,26,206,40,278,60,164,11,14,18,5,12
33526.0,Tayac,122,21,97,1,21,25,11,39,0,0,0,0,1,1,3,25,6,31,6,10,3,5,5,0,2
33530.0,Teuillac,669,135,523,9,110,113,37,254,0,0,0,0,1,3,13,113,16,198,41,82,5,10,21,6,15
33531.0,Tizac-de-Curton,251,33,215,1,63,47,19,85,0,0,0,0,1,0,11,47,16,59,20,34,2,16,3,1,6
33532.0,Tizac-de-Lapouyade,381,72,301,7,74,75,35,110,0,0,0,0,1,2,5,75,23,80,20,54,5,10,12,5,10
33533.0,Toulenne,1836,388,1415,22,469,300,144,480,0,0,0,0,1,11,41,300,83,379,81,350,39,39,61,11,20
33535.0,Tresses,3890,665,3150,42,1089,898,291,830,0,1,0,0,0,14,90,898,144,605,175,719,107,173,147,28,50
33537.0,Uzeste,374,55,316,2,140,69,25,80,0,1,0,0,0,2,6,69,18,59,17,124,1,9,7,0,4
33380.0,Val-de-Livenne,1388,357,1000,10,155,179,128,528,0,0,0,0,1,5,17,179,80,446,65,117,11,10,48,5,17
,Val-de-Virvée,2584,465,2081,40,607,453,154,827,0,0,0,0,1,14,53,453,90,641,131,416,54,84,64,26,55
33538.0,Valeyrac,395,70,319,5,58,58,29,169,0,0,0,0,1,3,6,58,19,123,32,45,4,3,10,2,14
33539.0,Vayres,2848,483,2324,29,663,600,211,821,0,0,0,0,1,10,64,600,116,609,162,462,32,105,95,19,50
33539.0,Vayres,2848,483,2324,29,663,600,211,821,0,0,0,0,1,10,64,600,116,609,162,462,32,105,95,19,50
33540.0,Vendays-Montalivet,2443,577,1835,27,443,463,179,723,0,0,0,0,1,8,43,463,113,510,172,310,24,66,66,19,41
33541.0,Vensac,915,158,746,10,165,161,59,351,0,0,0,0,1,2,18,161,39,263,77,106,16,25,20,8,11
33543.0,Verdelais,704,159,534,11,173,120,58,172,0,1,0,0,0,7,9,120,34,125,33,134,5,25,24,4,14
33545.0,Vertheuil,929,185,730,11,136,144,65,374,0,0,0,0,1,5,16,144,31,307,50,98,6,16,34,6,17
33546.0,Vignonet,344,58,277,5,73,79,26,94,0,0,0,0,1,4,4,79,14,71,20,60,3,6,12,1,3
33547.0,Villandraut,852,143,695,22,241,137,65,230,0,1,0,0,0,10,25,137,36,159,57,168,22,26,29,12,14
33548.0,Villegouge,966,145,810,8,219,186,59,338,0,0,0,0,1,3,15,186,40,254,68,163,11,30,19,5,16
33550.0,Villenave-d'Ornon,25400,5762,19203,282,7246,5414,1341,4920,0,1,0,0,0,79,604,5414,751,3532,1075,5075,485,1082,590,203,313
33549.0,Villenave-de-Rions,263,30,226,3,66,55,33,69,0,0,0,0,1,3,6,55,24,48,20,52,2,6,9,0,1
33551.0,Villeneuve,346,67,271,7,69,53,18,124,0,0,0,0,1,4,9,53,14,112,6,51,6,3,4,3,6
33551.0,Villeneuve,346,67,271,7,69,53,18,124,0,0,0,0,1,4,9,53,14,112,6,51,6,3,4,3,6
33551.0,Villeneuve,346,67,271,7,69,53,18,124,0,0,0,0,1,4,9,53,14,112,6,51,6,3,4,3,6
33551.0,Villeneuve,346,67,271,7,69,53,18,124,0,0,0,0,1,4,9,53,14,112,6,51,6,3,4,3,6
33551.0,Villeneuve,346,67,271,7,69,53,18,124,0,0,0,0,1,4,9,53,14,112,6,51,6,3,4,3,6
33551.0,Villeneuve,346,67,271,7,69,53,18,124,0,0,0,0,1,4,9,53,14,112,6,51,6,3,4,3,6
33552.0,Virelade,819,146,656,9,200,155,73,219,0,0,0,0,1,4,14,155,54,169,33,149,17,20,19,5,17
33553.0,Virsac,811,149,648,5,171,118,45,309,0,0,0,0,1,2,10,118,27,246,43,134,10,17,18,3,20
33542.0,Vérac,586,93,473,12,120,94,30,217,0,0,0,0,1,5,10,94,23,182,26,86,6,18,7,7,9
33554.0,Yvrac,2058,381,1645,23,423,542,154,503,0,0,1,0,0,8,37,542,70,371,100,293,28,65,84,15,32
